65,M,35.0,12.0,55803
96,F,25.0,16.0,78028
121,M,35.0,7.0,75229
129,M,25.0,11.0,20164
133,F,25.0,0.0,55071
190,M,25.0,17.0,55125
205,M,35.0,12.0,97333
208,M,35.0,17.0,55432
271,M,18.0,4.0,48202
279,M,25.0,14.0,91214
316,M,56.0,13.0,90740
318,F,56.0,13.0,55104
320,M,35.0,6.0,99516
342,M,18.0,12.0,55076
348,M,50.0,7.0,55110
359,M,25.0,17.0,55128
370,M,18.0,17.0,22304
409,M,18.0,12.0,55122
451,M,56.0,13.0,54720
469,M,35.0,6.0,55122
471,M,35.0,7.0,08904
482,M,25.0,14.0,55305
489,M,18.0,4.0,55455
500,F,18.0,2.0,55105
505,M,35.0,17.0,37815
534,M,25.0,15.0,55902
540,M,18.0,1.0,15213
558,M,35.0,20.0,55108
570,M,25.0,4.0,33314
586,M,35.0,14.0,53092
619,F,18.0,1.0,94706
631,M,35.0,17.0,28601
662,M,18.0,4.0,99163
693,M,35.0,12.0,98103
694,M,18.0,4.0,76401
700,M,50.0,17.0,14650
729,M,35.0,12.0,85284
739,M,35.0,12.0,55803
768,M,25.0,12.0,17067
770,M,18.0,4.0,98499
786,M,25.0,0.0,55987
819,M,35.0,7.0,60611
829,M,1.0,19.0,53711
887,F,56.0,16.0,55345
910,F,50.0,0.0,98226
964,M,25.0,7.0,94123
969,F,25.0,11.0,19103
971,M,25.0,12.0,43615
975,M,35.0,0.0,98136
1166,M,56.0,6.0,94030
1244,M,25.0,4.0,22030
1268,M,50.0,2.0,10028
1271,F,45.0,6.0,54401
1288,F,35.0,19.0,92867
1339,M,35.0,18.0,85275
1376,F,45.0,1.0,32750
1387,F,50.0,13.0,94702
1408,M,25.0,0.0,90046
1418,M,18.0,4.0,48197
1453,M,25.0,14.0,19444
1469,M,56.0,20.0,95420
1483,M,18.0,4.0,54481
1486,M,25.0,16.0,90638
1507,M,35.0,17.0,95476
1515,M,25.0,16.0,48324
1516,F,25.0,12.0,53154
1518,M,25.0,2.0,95831
1523,M,25.0,17.0,95209
1587,F,25.0,3.0,30308
1588,M,25.0,11.0,22043
1593,M,25.0,16.0,78411
1602,F,25.0,7.0,10562
1616,M,25.0,0.0,16101
1623,M,50.0,15.0,07746
1629,M,18.0,4.0,10003
1644,M,18.0,12.0,90210
1662,M,25.0,12.0,94121
1678,F,18.0,17.0,97070
1705,F,18.0,4.0,85033
1719,M,18.0,16.0,60523
1738,M,35.0,16.0,30034
1741,M,35.0,7.0,91107
1755,F,18.0,4.0,77005
1763,M,35.0,7.0,76248
1775,M,25.0,4.0,70115
1816,F,35.0,9.0,56007
1826,M,45.0,11.0,49265
1835,M,25.0,19.0,11501
1844,F,18.0,4.0,53711
1849,M,35.0,7.0,11747
1867,M,50.0,7.0,95008
1910,M,1.0,10.0,94707
1932,M,25.0,7.0,94114
1935,M,1.0,10.0,90405
1966,M,25.0,20.0,93637
2001,M,50.0,1.0,48197
2024,M,1.0,19.0,06614
2041,F,25.0,20.0,24015
2051,M,35.0,7.0,93906
2062,M,18.0,4.0,44646
2081,M,18.0,17.0,49445
2107,M,25.0,1.0,24060
2108,M,1.0,10.0,60462
2120,M,1.0,0.0,02780
2188,F,18.0,19.0,60641
2193,M,1.0,10.0,41011
2197,F,25.0,1.0,27515
2217,M,1.0,10.0,44906
2228,M,25.0,12.0,60025
2232,M,25.0,14.0,60061
2248,F,35.0,12.0,46755
2269,F,45.0,0.0,11217
2270,M,18.0,1.0,14620
2274,M,18.0,2.0,31401
2276,M,56.0,13.0,44143
2295,M,45.0,11.0,72316
2298,M,35.0,17.0,77584
2299,F,18.0,10.0,13090
2316,M,35.0,0.0,13207
2335,M,50.0,17.0,48197
2352,M,50.0,13.0,41076
2367,F,25.0,9.0,49424
2423,F,45.0,9.0,01520
2465,M,50.0,6.0,44333
2467,M,1.0,10.0,44224
2470,M,35.0,18.0,52001
2474,M,25.0,12.0,83815
2483,M,56.0,13.0,90503
2492,F,45.0,2.0,37924
2503,M,35.0,17.0,19360
2515,M,45.0,12.0,37914
2526,M,56.0,13.0,37923
2607,F,56.0,0.0,48178
2611,M,25.0,3.0,07719
2650,M,45.0,7.0,75080
2661,M,56.0,13.0,19312
2669,M,45.0,0.0,24541
2702,M,45.0,6.0,65201
2713,M,25.0,7.0,96811
2742,M,25.0,17.0,36092
2751,F,25.0,16.0,28120
2771,M,18.0,1.0,92037
2834,M,35.0,1.0,33304
2847,M,18.0,4.0,10027
2855,M,25.0,4.0,94102
2930,M,50.0,17.0,45420
2931,M,18.0,4.0,16803
2945,F,35.0,17.0,89507
2973,F,18.0,4.0,48108
2988,F,18.0,6.0,92122
3029,M,18.0,4.0,92037
3031,M,18.0,4.0,48135
3051,M,18.0,17.0,94063
3076,M,35.0,17.0,30024
3081,M,25.0,7.0,77252
3095,F,25.0,3.0,06810
3127,F,25.0,0.0,10003
3146,M,25.0,0.0,31605
3149,M,18.0,4.0,92602
3171,F,50.0,3.0,10128
3177,F,25.0,6.0,94132
3178,F,35.0,5.0,44313
3208,M,25.0,14.0,30342
3218,M,56.0,6.0,48070
3238,M,35.0,7.0,10069
3240,M,18.0,4.0,55403
3251,M,35.0,17.0,15330
3257,M,25.0,14.0,94105
3268,M,25.0,12.0,04106
3334,M,35.0,0.0,09142
3358,F,25.0,1.0,91790
3385,F,25.0,9.0,32212
3386,M,18.0,4.0,55414
3397,M,25.0,5.0,55414
3415,M,35.0,7.0,80129
3470,M,35.0,17.0,49887
3490,M,25.0,0.0,74136
3508,M,18.0,4.0,02151
3548,M,45.0,7.0,92965
3557,M,18.0,5.0,48185
3563,M,25.0,2.0,33133
3569,F,18.0,2.0,48823
3576,M,50.0,7.0,68046
3596,F,35.0,4.0,19104
3629,F,50.0,7.0,10022
3661,M,35.0,12.0,08852
3665,M,25.0,0.0,95903
3708,M,56.0,7.0,30097
3740,M,18.0,5.0,55116
3761,M,25.0,17.0,27613
3797,M,25.0,7.0,02420
3822,M,45.0,20.0,98027
3858,F,45.0,9.0,63119
3867,M,35.0,3.0,45215
3871,M,18.0,4.0,64468
3915,F,35.0,3.0,71111
3916,M,25.0,4.0,02134
3930,M,56.0,3.0,52240
3971,F,18.0,4.0,80228
3990,M,25.0,16.0,17350
3999,M,35.0,17.0,30701
4004,M,50.0,0.0,21050
4021,M,50.0,20.0,95236
4030,M,35.0,7.0,89128
4052,M,25.0,2.0,43551
4076,M,25.0,17.0,55344
4087,M,1.0,4.0,63376
4089,M,25.0,7.0,79416
4129,M,56.0,11.0,12144
4184,M,50.0,7.0,32114
4206,F,35.0,1.0,22947
4235,M,50.0,2.0,90029
4257,M,50.0,16.0,38122
4274,F,45.0,1.0,04258
4279,M,25.0,16.0,43215
4284,M,50.0,7.0,40601
4321,M,45.0,7.0,80525
4347,F,18.0,20.0,77304
4372,M,35.0,17.0,75010
4393,M,18.0,4.0,43402
4411,M,18.0,4.0,92122
4439,M,35.0,6.0,37664
4450,M,25.0,15.0,60611
4474,M,35.0,7.0,28805
4483,F,25.0,6.0,72703
4488,M,35.0,7.0,72703
4489,M,18.0,4.0,78613
4492,M,56.0,13.0,45322-3132
4550,M,18.0,16.0,24541
4575,F,1.0,10.0,03608
4581,M,25.0,1.0,19103
4587,M,35.0,14.0,07920
4600,M,25.0,0.0,46240
4625,M,25.0,7.0,92691
4629,F,18.0,4.0,94309
4660,F,18.0,4.0,06074
4709,M,45.0,0.0,06804
4759,F,50.0,0.0,04259
4793,F,25.0,6.0,48108
4798,M,25.0,1.0,19335
4802,M,56.0,1.0,40601
4808,M,35.0,0.0,96707-1321
4812,M,18.0,14.0,25301
4851,M,18.0,17.0,44406
4883,F,1.0,10.0,02906
4910,M,18.0,12.0,84041
4931,M,50.0,17.0,90031
4935,M,35.0,17.0,62958
4960,M,56.0,1.0,55116
4967,M,18.0,4.0,94708
5005,M,45.0,16.0,92807
5024,F,45.0,1.0,14618
5036,M,35.0,7.0,14850
5063,F,1.0,10.0,22801
5101,M,25.0,0.0,90069
5128,M,50.0,7.0,94709
5157,M,35.0,1.0,74012
5208,M,25.0,4.0,55455
5229,M,25.0,0.0,60173
5252,M,25.0,20.0,60622
5261,M,35.0,12.0,10025
5268,F,25.0,2.0,68502
5284,M,25.0,16.0,55426
5286,M,45.0,16.0,97068
5288,M,56.0,13.0,94114
5303,F,56.0,6.0,45504
5335,M,25.0,14.0,75093
5347,M,25.0,6.0,53705
5384,F,25.0,3.0,94117
5393,M,35.0,7.0,10471
5421,M,35.0,17.0,22030
5450,M,18.0,12.0,02143
5451,F,25.0,1.0,98115
5466,M,25.0,12.0,98033
5475,M,25.0,4.0,94110
5495,F,18.0,4.0,95076
5503,F,25.0,9.0,55409
5514,F,1.0,10.0,76501
5515,M,18.0,4.0,16101
5525,F,1.0,10.0,55311
5544,M,25.0,15.0,08876
5574,M,25.0,0.0,20878
5597,F,18.0,4.0,95008
5600,F,45.0,0.0,12833-2000
5611,F,35.0,7.0,04015
5643,F,35.0,1.0,84108
5665,M,18.0,4.0,10461-1301
5676,M,25.0,20.0,78746
5691,M,35.0,14.0,66013
5696,F,25.0,14.0,97367
5725,M,18.0,2.0,10018
5753,M,18.0,17.0,78758
5784,M,18.0,10.0,56137
5792,M,25.0,17.0,43201
5800,M,35.0,18.0,90804
5815,M,25.0,20.0,90048
5817,M,25.0,17.0,33028
5871,F,25.0,4.0,01002
5886,M,25.0,20.0,02139
5895,M,25.0,1.0,43026
5900,M,25.0,7.0,60628
5907,M,25.0,2.0,11217
5912,M,25.0,1.0,77064
5928,M,45.0,1.0,14760
5930,F,35.0,17.0,78681
5936,M,18.0,4.0,37130
5954,M,45.0,11.0,70802
5995,F,35.0,1.0,14618
6011,M,35.0,15.0,80538
6030,M,25.0,17.0,32618
6057,,,,
6071,,,,
6108,,,,
6116,,,,
6125,,,,
6175,,,,
6197,,,,
6206,,,,
6213,,,,
6233,,,,
6252,,,,
6288,,,,
6315,,,,
6385,,,,
6390,,,,
6431,,,,
6490,,,,
6500,,,,
6516,,,,
6575,,,,
6632,,,,
6662,,,,
6683,,,,
6715,,,,
6719,,,,
6731,,,,
6754,,,,
6799,,,,
6845,,,,
6875,,,,
6880,,,,
6881,,,,
6889,,,,
6899,,,,
6937,,,,
6976,,,,
6988,,,,
7036,,,,
7038,,,,
7056,,,,
7066,,,,
7185,,,,
7208,,,,
7296,,,,
7306,,,,
7315,,,,
7350,,,,
7357,,,,
7378,,,,
7382,,,,
7404,,,,
7421,,,,
7434,,,,
7443,,,,
7466,,,,
7469,,,,
7487,,,,
7488,,,,
7545,,,,
7554,,,,
7560,,,,
7565,,,,
7566,,,,
7596,,,,
7606,,,,
7607,,,,
7648,,,,
7671,,,,
7723,,,,
7724,,,,
7728,,,,
7729,,,,
7743,,,,
7783,,,,
7808,,,,
7859,,,,
7880,,,,
7884,,,,
7899,,,,
7922,,,,
7993,,,,
8026,,,,
8046,,,,
8054,,,,
8083,,,,
8127,,,,
8144,,,,
8151,,,,
8156,,,,
8185,,,,
8194,,,,
8207,,,,
8219,,,,
8241,,,,
8265,,,,
8271,,,,
8275,,,,
8335,,,,
8337,,,,
8354,,,,
8364,,,,
8373,,,,
8379,,,,
8383,,,,
8421,,,,
8451,,,,
8456,,,,
8463,,,,
8465,,,,
8474,,,,
8488,,,,
8513,,,,
8527,,,,
8538,,,,
8555,,,,
8582,,,,
8601,,,,
8685,,,,
8705,,,,
8717,,,,
8740,,,,
8756,,,,
8768,,,,
8771,,,,
8774,,,,
8776,,,,
8864,,,,
8873,,,,
8892,,,,
8913,,,,
8932,,,,
8956,,,,
8963,,,,
8966,,,,
8977,,,,
8988,,,,
8996,,,,
9032,,,,
9040,,,,
9043,,,,
9062,,,,
9098,,,,
9118,,,,
9172,,,,
9197,,,,
9212,,,,
9263,,,,
9272,,,,
9300,,,,
9312,,,,
9389,,,,
9397,,,,
9430,,,,
9471,,,,
9474,,,,
9495,,,,
9497,,,,
9562,,,,
9579,,,,
9583,,,,
9591,,,,
9599,,,,
9690,,,,
9701,,,,
9716,,,,
9731,,,,
9733,,,,
9736,,,,
9745,,,,
9797,,,,
9815,,,,
9834,,,,
9885,,,,
9912,,,,
9919,,,,
9976,,,,
9991,,,,
10017,,,,
10038,,,,
10042,,,,
10044,,,,
10045,,,,
10055,,,,
10058,,,,
10080,,,,
10098,,,,
10119,,,,
10157,,,,
10164,,,,
10189,,,,
10248,,,,
10278,,,,
10292,,,,
10303,,,,
10310,,,,
10348,,,,
10370,,,,
10375,,,,
10387,,,,
10394,,,,
10426,,,,
10443,,,,
10453,,,,
10514,,,,
10573,,,,
10616,,,,
10620,,,,
10643,,,,
10769,,,,
10781,,,,
10788,,,,
10809,,,,
10817,,,,
10846,,,,
10847,,,,
10876,,,,
10929,,,,
10961,,,,
10971,,,,
10977,,,,
11042,,,,
11074,,,,
11081,,,,
11084,,,,
11097,,,,
11175,,,,
11183,,,,
11200,,,,
11201,,,,
11223,,,,
11230,,,,
11237,,,,
11242,,,,
11248,,,,
11250,,,,
11253,,,,
11261,,,,
11263,,,,
11268,,,,
11309,,,,
11337,,,,
11343,,,,
11345,,,,
11355,,,,
11362,,,,
11406,,,,
11412,,,,
11443,,,,
11498,,,,
11501,,,,
11513,,,,
11521,,,,
11560,,,,
11563,,,,
11570,,,,
11571,,,,
11585,,,,
11621,,,,
11625,,,,
11668,,,,
11680,,,,
11694,,,,
11740,,,,
11761,,,,
11767,,,,
11790,,,,
11832,,,,
11843,,,,
11851,,,,
11867,,,,
11868,,,,
11871,,,,
11884,,,,
11917,,,,
11991,,,,
12008,,,,
12014,,,,
12064,,,,
12073,,,,
12087,,,,
12120,,,,
12128,,,,
12130,,,,
12131,,,,
12140,,,,
12148,,,,
12154,,,,
12163,,,,
12209,,,,
12242,,,,
12268,,,,
12271,,,,
12288,,,,
12343,,,,
12352,,,,
12359,,,,
12402,,,,
12407,,,,
12419,,,,
12421,,,,
12436,,,,
12486,,,,
12488,,,,
12531,,,,
12533,,,,
12550,,,,
12611,,,,
12638,,,,
12649,,,,
12723,,,,
12743,,,,
12758,,,,
12778,,,,
12781,,,,
12783,,,,
12792,,,,
12793,,,,
12823,,,,
12851,,,,
12882,,,,
12930,,,,
12947,,,,
12958,,,,
12969,,,,
12998,,,,
12999,,,,
13013,,,,
13023,,,,
13060,,,,
13064,,,,
13065,,,,
13128,,,,
13134,,,,
13212,,,,
13215,,,,
13228,,,,
13268,,,,
13285,,,,
13304,,,,
13310,,,,
13318,,,,
13325,,,,
13380,,,,
13431,,,,
13476,,,,
13494,,,,
13500,,,,
13525,,,,
13565,,,,
13575,,,,
13624,,,,
13665,,,,
13666,,,,
13688,,,,
13700,,,,
13721,,,,
13727,,,,
13753,,,,
13778,,,,
13814,,,,
13818,,,,
13881,,,,
13889,,,,
13920,,,,
13927,,,,
13942,,,,
13952,,,,
13992,,,,
14031,,,,
14071,,,,
14074,,,,
14080,,,,
14084,,,,
14088,,,,
14193,,,,
14207,,,,
14217,,,,
14260,,,,
14268,,,,
14280,,,,
14291,,,,
14317,,,,
14339,,,,
14343,,,,
14360,,,,
14374,,,,
14390,,,,
14402,,,,
14437,,,,
14440,,,,
14449,,,,
14458,,,,
14473,,,,
14480,,,,
14488,,,,
14506,,,,
14507,,,,
14512,,,,
14517,,,,
14633,,,,
14637,,,,
14644,,,,
14665,,,,
14684,,,,
14745,,,,
14767,,,,
14791,,,,
14809,,,,
14833,,,,
14856,,,,
14916,,,,
14925,,,,
14947,,,,
14949,,,,
14965,,,,
14977,,,,
14981,,,,
14991,,,,
14992,,,,
15030,,,,
15100,,,,
15115,,,,
15130,,,,
15142,,,,
15175,,,,
15188,,,,
15208,,,,
15217,,,,
15242,,,,
15272,,,,
15282,,,,
15319,,,,
15324,,,,
15361,,,,
15401,,,,
15414,,,,
15415,,,,
15418,,,,
15452,,,,
15479,,,,
15492,,,,
15550,,,,
15563,,,,
15578,,,,
15581,,,,
15607,,,,
15616,,,,
15617,,,,
15626,,,,
15648,,,,
15694,,,,
15698,,,,
15701,,,,
15777,,,,
15779,,,,
15783,,,,
15784,,,,
15793,,,,
15812,,,,
15867,,,,
15868,,,,
15874,,,,
15890,,,,
15894,,,,
15908,,,,
15920,,,,
15973,,,,
15988,,,,
16005,,,,
16021,,,,
16040,,,,
16050,,,,
16059,,,,
16092,,,,
16109,,,,
16116,,,,
16117,,,,
16118,,,,
16123,,,,
16126,,,,
16137,,,,
16144,,,,
16146,,,,
16157,,,,
16158,,,,
16162,,,,
16189,,,,
16216,,,,
16231,,,,
16270,,,,
16303,,,,
16337,,,,
16348,,,,
16351,,,,
16356,,,,
16403,,,,
16404,,,,
16417,,,,
16501,,,,
16509,,,,
16539,,,,
16555,,,,
16559,,,,
16577,,,,
16581,,,,
16589,,,,
16606,,,,
16617,,,,
16649,,,,
16667,,,,
16676,,,,
16686,,,,
16687,,,,
16696,,,,
16724,,,,
16742,,,,
16745,,,,
16757,,,,
16766,,,,
16785,,,,
16824,,,,
16832,,,,
16861,,,,
16865,,,,
16872,,,,
16873,,,,
16883,,,,
16920,,,,
16936,,,,
16938,,,,
16939,,,,
16972,,,,
16983,,,,
17022,,,,
17043,,,,
17054,,,,
17058,,,,
17078,,,,
17101,,,,
17106,,,,
17112,,,,
17127,,,,
17136,,,,
17154,,,,
17179,,,,
17192,,,,
17194,,,,
17207,,,,
17217,,,,
17244,,,,
17318,,,,
17319,,,,
17320,,,,
17364,,,,
17435,,,,
17475,,,,
17479,,,,
17488,,,,
17503,,,,
17508,,,,
17522,,,,
17552,,,,
17571,,,,
17583,,,,
17608,,,,
17628,,,,
17630,,,,
17667,,,,
17683,,,,
17696,,,,
17714,,,,
17777,,,,
17782,,,,
17785,,,,
17799,,,,
17838,,,,
17871,,,,
17877,,,,
17888,,,,
17960,,,,
17967,,,,
17988,,,,
17989,,,,
18007,,,,
18010,,,,
18027,,,,
18073,,,,
18095,,,,
18115,,,,
18127,,,,
18152,,,,
18192,,,,
18204,,,,
18352,,,,
18354,,,,
18356,,,,
18359,,,,
18390,,,,
18403,,,,
18496,,,,
18504,,,,
18531,,,,
18532,,,,
18617,,,,
18627,,,,
18630,,,,
18634,,,,
18642,,,,
18674,,,,
18675,,,,
18698,,,,
18706,,,,
18709,,,,
18711,,,,
18756,,,,
18758,,,,
18762,,,,
18765,,,,
18773,,,,
18807,,,,
18819,,,,
18826,,,,
18842,,,,
18858,,,,
18871,,,,
18877,,,,
18900,,,,
18906,,,,
18929,,,,
18998,,,,
19006,,,,
19039,,,,
19107,,,,
19143,,,,
19157,,,,
19178,,,,
19197,,,,
19285,,,,
19290,,,,
19293,,,,
19334,,,,
19343,,,,
19354,,,,
19356,,,,
19375,,,,
19401,,,,
19414,,,,
19416,,,,
19467,,,,
19514,,,,
19517,,,,
19522,,,,
19543,,,,
19560,,,,
19691,,,,
19711,,,,
19715,,,,
19722,,,,
19766,,,,
19800,,,,
19825,,,,
19829,,,,
19837,,,,
19865,,,,
19881,,,,
19890,,,,
19915,,,,
19937,,,,
20019,,,,
20028,,,,
20055,,,,
20106,,,,
20134,,,,
20160,,,,
20175,,,,
20236,,,,
20246,,,,
20260,,,,
20261,,,,
20262,,,,
20290,,,,
20294,,,,
20320,,,,
20330,,,,
20340,,,,
20361,,,,
20378,,,,
20388,,,,
20408,,,,
20434,,,,
20486,,,,
20513,,,,
20516,,,,
20520,,,,
20530,,,,
20542,,,,
20560,,,,
20584,,,,
20615,,,,
20656,,,,
20685,,,,
20692,,,,
20717,,,,
20788,,,,
20798,,,,
20824,,,,
20845,,,,
20896,,,,
20899,,,,
21033,,,,
21036,,,,
21043,,,,
21050,,,,
21058,,,,
21074,,,,
21106,,,,
21177,,,,
21179,,,,
21186,,,,
21201,,,,
21210,,,,
21215,,,,
21280,,,,
21284,,,,
21289,,,,
21353,,,,
21361,,,,
21368,,,,
21391,,,,
21392,,,,
21401,,,,
21413,,,,
21455,,,,
21532,,,,
21556,,,,
21563,,,,
21567,,,,
21601,,,,
21620,,,,
21651,,,,
21666,,,,
21672,,,,
21721,,,,
21746,,,,
21759,,,,
21764,,,,
21774,,,,
21787,,,,
21788,,,,
21792,,,,
21800,,,,
21817,,,,
21847,,,,
21860,,,,
21870,,,,
21889,,,,
21891,,,,
21901,,,,
21912,,,,
21921,,,,
21923,,,,
21956,,,,
21980,,,,
22000,,,,
22074,,,,
22091,,,,
22095,,,,
22159,,,,
22178,,,,
22191,,,,
22200,,,,
22213,,,,
22236,,,,
22246,,,,
22253,,,,
22264,,,,
22320,,,,
22323,,,,
22337,,,,
22338,,,,
22352,,,,
22356,,,,
22377,,,,
22379,,,,
22411,,,,
22460,,,,
22483,,,,
22488,,,,
22512,,,,
22534,,,,
22535,,,,
22580,,,,
22600,,,,
22658,,,,
22693,,,,
22697,,,,
22792,,,,
22808,,,,
22822,,,,
22825,,,,
22849,,,,
22899,,,,
22920,,,,
22963,,,,
23039,,,,
23068,,,,
23088,,,,
23130,,,,
23158,,,,
23165,,,,
23171,,,,
23180,,,,
23181,,,,
23190,,,,
23238,,,,
23255,,,,
23263,,,,
23272,,,,
23300,,,,
23325,,,,
23333,,,,
23343,,,,
23364,,,,
23386,,,,
23400,,,,
23412,,,,
23428,,,,
23433,,,,
23504,,,,
23518,,,,
23523,,,,
23533,,,,
23571,,,,
23596,,,,
23599,,,,
23600,,,,
23616,,,,
23638,,,,
23668,,,,
23695,,,,
23700,,,,
23714,,,,
23851,,,,
23866,,,,
23881,,,,
23890,,,,
23921,,,,
23923,,,,
23946,,,,
23955,,,,
23964,,,,
23978,,,,
23982,,,,
23983,,,,
24056,,,,
24058,,,,
24112,,,,
24123,,,,
24127,,,,
24134,,,,
24139,,,,
24143,,,,
24148,,,,
24174,,,,
24190,,,,
24213,,,,
24219,,,,
24234,,,,
24248,,,,
24254,,,,
24265,,,,
24275,,,,
24293,,,,
24294,,,,
24295,,,,
24313,,,,
24386,,,,
24389,,,,
24404,,,,
24425,,,,
24434,,,,
24460,,,,
24481,,,,
24482,,,,
24484,,,,
24578,,,,
24645,,,,
24661,,,,
24691,,,,
24718,,,,
24770,,,,
24792,,,,
24797,,,,
24802,,,,
24805,,,,
24828,,,,
24834,,,,
24842,,,,
24851,,,,
24891,,,,
24902,,,,
24903,,,,
24945,,,,
24952,,,,
24965,,,,
24973,,,,
24994,,,,
25000,,,,
25002,,,,
25004,,,,
25007,,,,
25019,,,,
25074,,,,
25089,,,,
25101,,,,
25130,,,,
25133,,,,
25134,,,,
25137,,,,
25167,,,,
25176,,,,
25180,,,,
25268,,,,
25277,,,,
25290,,,,
25302,,,,
25322,,,,
25345,,,,
25382,,,,
25405,,,,
25411,,,,
25422,,,,
25429,,,,
25474,,,,
25504,,,,
25513,,,,
25538,,,,
25564,,,,
25570,,,,
25591,,,,
25594,,,,
25608,,,,
25614,,,,
25632,,,,
25645,,,,
25654,,,,
25660,,,,
25676,,,,
25690,,,,
25696,,,,
25721,,,,
25731,,,,
25737,,,,
25767,,,,
25821,,,,
25825,,,,
25874,,,,
25880,,,,
25936,,,,
25969,,,,
25975,,,,
25978,,,,
25995,,,,
26001,,,,
26004,,,,
26008,,,,
26015,,,,
26022,,,,
26028,,,,
26087,,,,
26116,,,,
26157,,,,
26159,,,,
26162,,,,
26172,,,,
26177,,,,
26193,,,,
26202,,,,
26214,,,,
26220,,,,
26222,,,,
26265,,,,
26341,,,,
26391,,,,
26423,,,,
26445,,,,
26447,,,,
26480,,,,
26491,,,,
26609,,,,
26640,,,,
26674,,,,
26697,,,,
26763,,,,
26790,,,,
26800,,,,
26831,,,,
26835,,,,
26855,,,,
26864,,,,
26867,,,,
26881,,,,
26885,,,,
26888,,,,
26932,,,,
26967,,,,
26994,,,,
27007,,,,
27038,,,,
27053,,,,
27074,,,,
27109,,,,
27132,,,,
27138,,,,
27141,,,,
27142,,,,
27189,,,,
27222,,,,
27235,,,,
27242,,,,
27247,,,,
27324,,,,
27350,,,,
27365,,,,
27367,,,,
27395,,,,
27401,,,,
27436,,,,
27474,,,,
27483,,,,
27484,,,,
27514,,,,
27551,,,,
27579,,,,
27589,,,,
27599,,,,
27611,,,,
27632,,,,
27641,,,,
27647,,,,
27660,,,,
27666,,,,
27696,,,,
27731,,,,
27735,,,,
27740,,,,
27764,,,,
27769,,,,
27794,,,,
27816,,,,
27821,,,,
27838,,,,
27843,,,,
27860,,,,
27898,,,,
27902,,,,
28050,,,,
28069,,,,
28070,,,,
28090,,,,
28118,,,,
28125,,,,
28142,,,,
28144,,,,
28155,,,,
28159,,,,
28176,,,,
28184,,,,
28195,,,,
28198,,,,
28233,,,,
28239,,,,
28316,,,,
28332,,,,
28335,,,,
28340,,,,
28381,,,,
28456,,,,
28529,,,,
28539,,,,
28560,,,,
28566,,,,
28594,,,,
28596,,,,
28599,,,,
28601,,,,
28636,,,,
28644,,,,
28647,,,,
28655,,,,
28672,,,,
28688,,,,
28691,,,,
28735,,,,
28744,,,,
28767,,,,
28780,,,,
28781,,,,
28802,,,,
28843,,,,
28860,,,,
28906,,,,
28916,,,,
28969,,,,
29037,,,,
29040,,,,
29056,,,,
29072,,,,
29096,,,,
29115,,,,
29122,,,,
29123,,,,
29214,,,,
29217,,,,
29235,,,,
29261,,,,
29284,,,,
29289,,,,
29310,,,,
29317,,,,
29334,,,,
29370,,,,
29378,,,,
29464,,,,
29470,,,,
29474,,,,
29512,,,,
29514,,,,
29543,,,,
29548,,,,
29561,,,,
29589,,,,
29656,,,,
29690,,,,
29750,,,,
29796,,,,
29808,,,,
29831,,,,
29872,,,,
29877,,,,
29889,,,,
29918,,,,
30068,,,,
30077,,,,
30126,,,,
30150,,,,
30160,,,,
30199,,,,
30225,,,,
30247,,,,
30250,,,,
30262,,,,
30269,,,,
30317,,,,
30376,,,,
30428,,,,
30443,,,,
30467,,,,
30497,,,,
30510,,,,
30516,,,,
30530,,,,
30604,,,,
30631,,,,
30632,,,,
30650,,,,
30686,,,,
30705,,,,
30718,,,,
30731,,,,
30739,,,,
30756,,,,
30766,,,,
30767,,,,
30778,,,,
30817,,,,
30838,,,,
30842,,,,
30881,,,,
30882,,,,
30911,,,,
30920,,,,
30950,,,,
30982,,,,
31078,,,,
31122,,,,
31137,,,,
31151,,,,
31181,,,,
31189,,,,
31228,,,,
31243,,,,
31273,,,,
31321,,,,
31324,,,,
31325,,,,
31338,,,,
31362,,,,
31386,,,,
31388,,,,
31392,,,,
31405,,,,
31420,,,,
31425,,,,
31434,,,,
31444,,,,
31476,,,,
31477,,,,
31573,,,,
31589,,,,
31601,,,,
31612,,,,
31626,,,,
31635,,,,
31647,,,,
31660,,,,
31673,,,,
31697,,,,
31709,,,,
31712,,,,
31750,,,,
31760,,,,
31772,,,,
31782,,,,
31797,,,,
31841,,,,
31845,,,,
31869,,,,
31921,,,,
31929,,,,
32002,,,,
32074,,,,
32088,,,,
32094,,,,
32122,,,,
32146,,,,
32161,,,,
32215,,,,
32224,,,,
32234,,,,
32239,,,,
32290,,,,
32300,,,,
32340,,,,
32363,,,,
32386,,,,
32391,,,,
32438,,,,
32487,,,,
32519,,,,
32527,,,,
32541,,,,
32574,,,,
32595,,,,
32602,,,,
32608,,,,
32613,,,,
32625,,,,
32680,,,,
32686,,,,
32733,,,,
32767,,,,
32768,,,,
32780,,,,
32785,,,,
32805,,,,
32851,,,,
32941,,,,
32973,,,,
33003,,,,
33014,,,,
33059,,,,
33092,,,,
33119,,,,
33173,,,,
33182,,,,
33186,,,,
33200,,,,
33221,,,,
33226,,,,
33255,,,,
33257,,,,
33285,,,,
33323,,,,
33357,,,,
33406,,,,
33417,,,,
33434,,,,
33440,,,,
33452,,,,
33459,,,,
33490,,,,
33518,,,,
33575,,,,
33580,,,,
33601,,,,
33646,,,,
33690,,,,
33694,,,,
33726,,,,
33729,,,,
33736,,,,
33747,,,,
33751,,,,
33752,,,,
33775,,,,
33799,,,,
33826,,,,
33833,,,,
33860,,,,
33871,,,,
33927,,,,
33981,,,,
34006,,,,
34023,,,,
34116,,,,
34127,,,,
34142,,,,
34143,,,,
34156,,,,
34175,,,,
34180,,,,
34187,,,,
34234,,,,
34237,,,,
34239,,,,
34262,,,,
34267,,,,
34308,,,,
34324,,,,
34328,,,,
34334,,,,
34349,,,,
34359,,,,
34401,,,,
34402,,,,
34426,,,,
34430,,,,
34463,,,,
34469,,,,
34476,,,,
34490,,,,
34494,,,,
34495,,,,
34571,,,,
34579,,,,
34587,,,,
34621,,,,
34637,,,,
34651,,,,
34664,,,,
34727,,,,
34739,,,,
34758,,,,
34760,,,,
34775,,,,
34779,,,,
34786,,,,
34836,,,,
34837,,,,
34878,,,,
34882,,,,
34895,,,,
34954,,,,
34995,,,,
35035,,,,
35050,,,,
35074,,,,
35091,,,,
35135,,,,
35137,,,,
35168,,,,
35170,,,,
35183,,,,
35208,,,,
35211,,,,
35227,,,,
35245,,,,
35247,,,,
35259,,,,
35319,,,,
35327,,,,
35356,,,,
35360,,,,
35415,,,,
35439,,,,
35466,,,,
35476,,,,
35478,,,,
35489,,,,
35509,,,,
35522,,,,
35536,,,,
35553,,,,
35554,,,,
35572,,,,
35578,,,,
35594,,,,
35601,,,,
35613,,,,
35616,,,,
35630,,,,
35705,,,,
35714,,,,
35716,,,,
35727,,,,
35780,,,,
35823,,,,
35824,,,,
35829,,,,
35834,,,,
35849,,,,
35875,,,,
35907,,,,
35925,,,,
35983,,,,
35984,,,,
35985,,,,
36001,,,,
36007,,,,
36015,,,,
36025,,,,
36031,,,,
36036,,,,
36067,,,,
36072,,,,
36085,,,,
36127,,,,
36151,,,,
36157,,,,
36176,,,,
36220,,,,
36229,,,,
36241,,,,
36245,,,,
36255,,,,
36264,,,,
36281,,,,
36312,,,,
36320,,,,
36329,,,,
36334,,,,
36339,,,,
36341,,,,
36347,,,,
36379,,,,
36388,,,,
36410,,,,
36433,,,,
36456,,,,
36463,,,,
36472,,,,
36481,,,,
36505,,,,
36507,,,,
36538,,,,
36613,,,,
36624,,,,
36628,,,,
36665,,,,
36675,,,,
36677,,,,
36713,,,,
36724,,,,
36725,,,,
36727,,,,
36737,,,,
36738,,,,
36778,,,,
36848,,,,
36850,,,,
36885,,,,
36934,,,,
36947,,,,
37053,,,,
37145,,,,
37164,,,,
37224,,,,
37234,,,,
37258,,,,
37264,,,,
37312,,,,
37333,,,,
37339,,,,
37381,,,,
37405,,,,
37464,,,,
37468,,,,
37469,,,,
37501,,,,
37547,,,,
37585,,,,
37636,,,,
37638,,,,
37650,,,,
37692,,,,
37716,,,,
37741,,,,
37754,,,,
37762,,,,
37805,,,,
37814,,,,
37859,,,,
37883,,,,
37890,,,,
37899,,,,
37929,,,,
37947,,,,
37994,,,,
38020,,,,
38069,,,,
38070,,,,
38082,,,,
38107,,,,
38115,,,,
38119,,,,
38125,,,,
38127,,,,
38159,,,,
38170,,,,
38184,,,,
38187,,,,
38203,,,,
38233,,,,
38251,,,,
38256,,,,
38265,,,,
38294,,,,
38331,,,,
38334,,,,
38335,,,,
38340,,,,
38347,,,,
38398,,,,
38455,,,,
38463,,,,
38479,,,,
38483,,,,
38531,,,,
38577,,,,
38605,,,,
38615,,,,
38655,,,,
38670,,,,
38687,,,,
38711,,,,
38748,,,,
38756,,,,
38773,,,,
38793,,,,
38802,,,,
38817,,,,
38843,,,,
38875,,,,
38911,,,,
38939,,,,
38950,,,,
38957,,,,
38958,,,,
38985,,,,
38988,,,,
39017,,,,
39061,,,,
39075,,,,
39212,,,,
39214,,,,
39240,,,,
39250,,,,
39271,,,,
39326,,,,
39373,,,,
39390,,,,
39430,,,,
39436,,,,
39459,,,,
39495,,,,
39516,,,,
39542,,,,
39545,,,,
39562,,,,
39581,,,,
39707,,,,
39710,,,,
39714,,,,
39766,,,,
39778,,,,
39820,,,,
39847,,,,
39849,,,,
39852,,,,
39859,,,,
39880,,,,
39926,,,,
39934,,,,
39937,,,,
39954,,,,
39969,,,,
39984,,,,
39989,,,,
40008,,,,
40017,,,,
40032,,,,
40071,,,,
40084,,,,
40101,,,,
40142,,,,
40174,,,,
40186,,,,
40280,,,,
40335,,,,
40339,,,,
40430,,,,
40446,,,,
40453,,,,
40466,,,,
40514,,,,
40517,,,,
40521,,,,
40539,,,,
40577,,,,
40581,,,,
40592,,,,
40598,,,,
40617,,,,
40618,,,,
40643,,,,
40652,,,,
40688,,,,
40717,,,,
40722,,,,
40723,,,,
40768,,,,
40773,,,,
40782,,,,
40785,,,,
40790,,,,
40814,,,,
40845,,,,
40847,,,,
40848,,,,
40880,,,,
40885,,,,
40922,,,,
40938,,,,
40976,,,,
41013,,,,
41020,,,,
41070,,,,
41096,,,,
41107,,,,
41116,,,,
41160,,,,
41165,,,,
41184,,,,
41196,,,,
41208,,,,
41210,,,,
41244,,,,
41267,,,,
41273,,,,
41281,,,,
41357,,,,
41367,,,,
41372,,,,
41414,,,,
41430,,,,
41447,,,,
41451,,,,
41471,,,,
41486,,,,
41493,,,,
41518,,,,
41544,,,,
41571,,,,
41590,,,,
41606,,,,
41613,,,,
41666,,,,
41681,,,,
41703,,,,
41718,,,,
41859,,,,
41877,,,,
41923,,,,
41938,,,,
41941,,,,
41971,,,,
42003,,,,
42009,,,,
42015,,,,
42016,,,,
42029,,,,
42033,,,,
42053,,,,
42096,,,,
42124,,,,
42152,,,,
42215,,,,
42238,,,,
42239,,,,
42245,,,,
42259,,,,
42337,,,,
42366,,,,
42367,,,,
42369,,,,
42375,,,,
42390,,,,
42399,,,,
42429,,,,
42439,,,,
42493,,,,
42506,,,,
42539,,,,
42570,,,,
42601,,,,
42609,,,,
42610,,,,
42611,,,,
42617,,,,
42640,,,,
42668,,,,
42677,,,,
42711,,,,
42722,,,,
42726,,,,
42727,,,,
42733,,,,
42739,,,,
42791,,,,
42798,,,,
42816,,,,
42871,,,,
42872,,,,
42890,,,,
42891,,,,
42897,,,,
42910,,,,
42933,,,,
42944,,,,
42961,,,,
43018,,,,
43019,,,,
43028,,,,
43040,,,,
43064,,,,
43068,,,,
43081,,,,
43116,,,,
43146,,,,
43188,,,,
43195,,,,
43208,,,,
43209,,,,
43210,,,,
43233,,,,
43242,,,,
43354,,,,
43413,,,,
43488,,,,
43519,,,,
43525,,,,
43533,,,,
43545,,,,
43552,,,,
43556,,,,
43596,,,,
43599,,,,
43604,,,,
43605,,,,
43618,,,,
43639,,,,
43683,,,,
43711,,,,
43713,,,,
43723,,,,
43729,,,,
43752,,,,
43794,,,,
43819,,,,
43829,,,,
43848,,,,
43872,,,,
43878,,,,
43914,,,,
43921,,,,
43938,,,,
43945,,,,
43958,,,,
43960,,,,
43988,,,,
44053,,,,
44060,,,,
44070,,,,
44107,,,,
44112,,,,
44159,,,,
44167,,,,
44172,,,,
44191,,,,
44214,,,,
44235,,,,
44287,,,,
44325,,,,
44341,,,,
44362,,,,
44365,,,,
44400,,,,
44416,,,,
44422,,,,
44433,,,,
44459,,,,
44464,,,,
44469,,,,
44522,,,,
44528,,,,
44550,,,,
44576,,,,
44584,,,,
44604,,,,
44613,,,,
44628,,,,
44710,,,,
44757,,,,
44762,,,,
44780,,,,
44781,,,,
44785,,,,
44816,,,,
44855,,,,
44858,,,,
44892,,,,
44920,,,,
44943,,,,
44981,,,,
44985,,,,
45009,,,,
45011,,,,
45015,,,,
45057,,,,
45064,,,,
45096,,,,
45120,,,,
45125,,,,
45153,,,,
45182,,,,
45189,,,,
45208,,,,
45237,,,,
45252,,,,
45298,,,,
45346,,,,
45389,,,,
45440,,,,
45461,,,,
45466,,,,
45476,,,,
45493,,,,
45494,,,,
45497,,,,
45510,,,,
45537,,,,
45545,,,,
45619,,,,
45643,,,,
45666,,,,
45677,,,,
45681,,,,
45709,,,,
45723,,,,
45729,,,,
45760,,,,
45811,,,,
45854,,,,
45861,,,,
45874,,,,
45904,,,,
45928,,,,
45939,,,,
45962,,,,
45970,,,,
45971,,,,
45972,,,,
45974,,,,
45977,,,,
46021,,,,
46054,,,,
46069,,,,
46072,,,,
46091,,,,
46093,,,,
46095,,,,
46125,,,,
46136,,,,
46139,,,,
46153,,,,
46188,,,,
46190,,,,
46198,,,,
46201,,,,
46231,,,,
46239,,,,
46242,,,,
46265,,,,
46281,,,,
46290,,,,
46328,,,,
46329,,,,
46391,,,,
46392,,,,
46403,,,,
46431,,,,
46436,,,,
46443,,,,
46470,,,,
46479,,,,
46514,,,,
46526,,,,
46589,,,,
46607,,,,
46628,,,,
46636,,,,
46645,,,,
46705,,,,
46729,,,,
46744,,,,
46769,,,,
46777,,,,
46809,,,,
46876,,,,
46880,,,,
46916,,,,
46926,,,,
46979,,,,
46998,,,,
47031,,,,
47060,,,,
47148,,,,
47150,,,,
47154,,,,
47197,,,,
47242,,,,
47247,,,,
47281,,,,
47292,,,,
47305,,,,
47370,,,,
47391,,,,
47405,,,,
47411,,,,
47414,,,,
47421,,,,
47422,,,,
47497,,,,
47534,,,,
47542,,,,
47563,,,,
47566,,,,
47573,,,,
47581,,,,
47589,,,,
47594,,,,
47602,,,,
47620,,,,
47701,,,,
47738,,,,
47816,,,,
47828,,,,
47843,,,,
47860,,,,
47866,,,,
47941,,,,
47946,,,,
47953,,,,
47968,,,,
47985,,,,
47986,,,,
48016,,,,
48036,,,,
48062,,,,
48070,,,,
48071,,,,
48074,,,,
48075,,,,
48083,,,,
48098,,,,
48107,,,,
48114,,,,
48134,,,,
48194,,,,
48214,,,,
48221,,,,
48291,,,,
48335,,,,
48344,,,,
48374,,,,
48380,,,,
48382,,,,
48405,,,,
48410,,,,
48460,,,,
48520,,,,
48527,,,,
48532,,,,
48554,,,,
48587,,,,
48675,,,,
48684,,,,
48727,,,,
48783,,,,
48806,,,,
48816,,,,
48821,,,,
48838,,,,
48860,,,,
48885,,,,
48909,,,,
48921,,,,
48929,,,,
48974,,,,
49059,,,,
49086,,,,
49116,,,,
49124,,,,
49129,,,,
49199,,,,
49208,,,,
49214,,,,
49225,,,,
49243,,,,
49267,,,,
49276,,,,
49300,,,,
49307,,,,
49317,,,,
49337,,,,
49401,,,,
49406,,,,
49420,,,,
49428,,,,
49490,,,,
49499,,,,
49526,,,,
49531,,,,
49548,,,,
49552,,,,
49598,,,,
49602,,,,
49649,,,,
49663,,,,
49666,,,,
49690,,,,
49697,,,,
49738,,,,
49806,,,,
49826,,,,
49830,,,,
49836,,,,
49857,,,,
49863,,,,
49865,,,,
49893,,,,
49927,,,,
49928,,,,
49958,,,,
50019,,,,
50024,,,,
50064,,,,
50071,,,,
50168,,,,
50169,,,,
50179,,,,
50192,,,,
50211,,,,
50310,,,,
50341,,,,
50360,,,,
50441,,,,
50454,,,,
50457,,,,
50466,,,,
50522,,,,
50567,,,,
50574,,,,
50586,,,,
50616,,,,
50687,,,,
50721,,,,
50723,,,,
50740,,,,
50771,,,,
50789,,,,
50798,,,,
50808,,,,
50898,,,,
50932,,,,
50965,,,,
51010,,,,
51050,,,,
51057,,,,
51073,,,,
51074,,,,
51085,,,,
51143,,,,
51158,,,,
51226,,,,
51245,,,,
51255,,,,
51266,,,,
51277,,,,
51301,,,,
51317,,,,
51367,,,,
51411,,,,
51415,,,,
51429,,,,
51464,,,,
51466,,,,
51481,,,,
51491,,,,
51492,,,,
51507,,,,
51539,,,,
51549,,,,
51559,,,,
51587,,,,
51634,,,,
51639,,,,
51677,,,,
51703,,,,
51745,,,,
51774,,,,
51832,,,,
51839,,,,
51842,,,,
51843,,,,
51861,,,,
51866,,,,
51952,,,,
51959,,,,
51966,,,,
51978,,,,
51989,,,,
51991,,,,
52004,,,,
52056,,,,
52075,,,,
52105,,,,
52111,,,,
52119,,,,
52192,,,,
52208,,,,
52221,,,,
52223,,,,
52232,,,,
52236,,,,
52260,,,,
52263,,,,
52269,,,,
52334,,,,
52381,,,,
52391,,,,
52396,,,,
52417,,,,
52437,,,,
52439,,,,
52452,,,,
52462,,,,
52499,,,,
52512,,,,
52514,,,,
52520,,,,
52548,,,,
52565,,,,
52581,,,,
52608,,,,
52617,,,,
52619,,,,
52649,,,,
52661,,,,
52698,,,,
52727,,,,
52757,,,,
52762,,,,
52780,,,,
52795,,,,
52814,,,,
52831,,,,
52860,,,,
52894,,,,
52900,,,,
52987,,,,
53007,,,,
53023,,,,
53030,,,,
53058,,,,
53080,,,,
53081,,,,
53095,,,,
53113,,,,
53117,,,,
53141,,,,
53160,,,,
53231,,,,
53243,,,,
53300,,,,
53336,,,,
53346,,,,
53364,,,,
53382,,,,
53397,,,,
53403,,,,
53407,,,,
53413,,,,
53430,,,,
53468,,,,
53490,,,,
53515,,,,
53521,,,,
53539,,,,
53545,,,,
53573,,,,
53578,,,,
53590,,,,
53640,,,,
53680,,,,
53693,,,,
53694,,,,
53709,,,,
53719,,,,
53747,,,,
53790,,,,
53799,,,,
53823,,,,
53834,,,,
53848,,,,
53859,,,,
53860,,,,
53872,,,,
53873,,,,
53877,,,,
53889,,,,
53930,,,,
53931,,,,
53978,,,,
53984,,,,
53988,,,,
53997,,,,
53998,,,,
54047,,,,
54095,,,,
54113,,,,
54114,,,,
54120,,,,
54145,,,,
54154,,,,
54163,,,,
54226,,,,
54248,,,,
54270,,,,
54291,,,,
54305,,,,
54308,,,,
54325,,,,
54338,,,,
54360,,,,
54381,,,,
54431,,,,
54437,,,,
54486,,,,
54510,,,,
54541,,,,
54549,,,,
54562,,,,
54563,,,,
54565,,,,
54586,,,,
54612,,,,
54641,,,,
54642,,,,
54647,,,,
54688,,,,
54722,,,,
54724,,,,
54730,,,,
54754,,,,
54767,,,,
54779,,,,
54798,,,,
54805,,,,
54838,,,,
54845,,,,
54893,,,,
54899,,,,
54900,,,,
54908,,,,
54910,,,,
54985,,,,
55004,,,,
55019,,,,
55021,,,,
55058,,,,
55061,,,,
55078,,,,
55099,,,,
55153,,,,
55176,,,,
55182,,,,
55209,,,,
55288,,,,
55290,,,,
55303,,,,
55313,,,,
55324,,,,
55339,,,,
55386,,,,
55389,,,,
55391,,,,
55429,,,,
55430,,,,
55470,,,,
55479,,,,
55516,,,,
55593,,,,
55601,,,,
55644,,,,
55679,,,,
55688,,,,
55700,,,,
55702,,,,
55704,,,,
55723,,,,
55737,,,,
55765,,,,
55795,,,,
55797,,,,
55858,,,,
55875,,,,
55903,,,,
55914,,,,
55933,,,,
55940,,,,
56035,,,,
56043,,,,
56055,,,,
56061,,,,
56167,,,,
56174,,,,
56214,,,,
56221,,,,
56226,,,,
56233,,,,
56239,,,,
56246,,,,
56257,,,,
56308,,,,
56326,,,,
56342,,,,
56354,,,,
56358,,,,
56362,,,,
56370,,,,
56372,,,,
56392,,,,
56405,,,,
56420,,,,
56421,,,,
56428,,,,
56451,,,,
56474,,,,
56478,,,,
56500,,,,
56520,,,,
56521,,,,
56525,,,,
56533,,,,
56568,,,,
56570,,,,
56574,,,,
56592,,,,
56687,,,,
56720,,,,
56737,,,,
56879,,,,
56881,,,,
56883,,,,
56889,,,,
56924,,,,
56959,,,,
56961,,,,
56969,,,,
56980,,,,
57040,,,,
57053,,,,
57056,,,,
57083,,,,
57089,,,,
57100,,,,
57121,,,,
57124,,,,
57147,,,,
57166,,,,
57171,,,,
57218,,,,
57242,,,,
57341,,,,
57349,,,,
57350,,,,
57387,,,,
57399,,,,
57425,,,,
57426,,,,
57434,,,,
57441,,,,
57474,,,,
57496,,,,
57499,,,,
57506,,,,
57595,,,,
57615,,,,
57671,,,,
57689,,,,
57695,,,,
57742,,,,
57746,,,,
57760,,,,
57763,,,,
57766,,,,
57770,,,,
57775,,,,
57812,,,,
57830,,,,
57866,,,,
57916,,,,
57921,,,,
57937,,,,
57942,,,,
57969,,,,
57999,,,,
58000,,,,
58069,,,,
58088,,,,
58089,,,,
58148,,,,
58166,,,,
58180,,,,
58181,,,,
58186,,,,
58191,,,,
58248,,,,
58251,,,,
58263,,,,
58265,,,,
58271,,,,
58272,,,,
58306,,,,
58315,,,,
58346,,,,
58397,,,,
58415,,,,
58426,,,,
58483,,,,
58498,,,,
58518,,,,
58548,,,,
58579,,,,
58612,,,,
58614,,,,
58653,,,,
58667,,,,
58697,,,,
58700,,,,
58706,,,,
58711,,,,
58730,,,,
58802,,,,
58807,,,,
58808,,,,
58837,,,,
58922,,,,
58970,,,,
58982,,,,
58985,,,,
58997,,,,
59025,,,,
59036,,,,
59095,,,,
59104,,,,
59121,,,,
59122,,,,
59148,,,,
59163,,,,
59165,,,,
59203,,,,
59215,,,,
59269,,,,
59270,,,,
59308,,,,
59316,,,,
59370,,,,
59382,,,,
59392,,,,
59399,,,,
59407,,,,
59416,,,,
59417,,,,
59424,,,,
59445,,,,
59447,,,,
59477,,,,
59527,,,,
59572,,,,
59602,,,,
59675,,,,
59710,,,,
59766,,,,
59812,,,,
59856,,,,
59858,,,,
59859,,,,
59866,,,,
59898,,,,
59909,,,,
59914,,,,
59926,,,,
59955,,,,
59971,,,,
60005,,,,
60016,,,,
60022,,,,
60034,,,,
60035,,,,
60064,,,,
60100,,,,
60102,,,,
60105,,,,
60140,,,,
60159,,,,
60214,,,,
60215,,,,
60265,,,,
60267,,,,
60280,,,,
60290,,,,
60313,,,,
60316,,,,
60349,,,,
60359,,,,
60361,,,,
60394,,,,
60398,,,,
60409,,,,
60427,,,,
60441,,,,
60444,,,,
60457,,,,
60536,,,,
60584,,,,
60653,,,,
60710,,,,
60719,,,,
60722,,,,
60729,,,,
60733,,,,
60752,,,,
60821,,,,
60849,,,,
60873,,,,
60887,,,,
60892,,,,
60932,,,,
60955,,,,
60971,,,,
61000,,,,
61024,,,,
61049,,,,
61050,,,,
61068,,,,
61094,,,,
61099,,,,
61112,,,,
61121,,,,
61152,,,,
61204,,,,
61213,,,,
61230,,,,
61249,,,,
61276,,,,
61305,,,,
61325,,,,
61339,,,,
61342,,,,
61382,,,,
61394,,,,
61400,,,,
61405,,,,
61444,,,,
61449,,,,
61470,,,,
61480,,,,
61481,,,,
61523,,,,
61552,,,,
61585,,,,
61589,,,,
61599,,,,
61600,,,,
61604,,,,
61660,,,,
61675,,,,
61678,,,,
61755,,,,
61824,,,,
61837,,,,
61843,,,,
61866,,,,
61871,,,,
61902,,,,
61923,,,,
61929,,,,
61940,,,,
61943,,,,
61951,,,,
61981,,,,
62003,,,,
62040,,,,
62046,,,,
62080,,,,
62111,,,,
62113,,,,
62142,,,,
62145,,,,
62190,,,,
62191,,,,
62217,,,,
62218,,,,
62233,,,,
62289,,,,
62314,,,,
62325,,,,
62340,,,,
62342,,,,
62368,,,,
62375,,,,
62387,,,,
62393,,,,
62396,,,,
62492,,,,
62505,,,,
62528,,,,
62569,,,,
62570,,,,
62571,,,,
62579,,,,
62614,,,,
62632,,,,
62633,,,,
62656,,,,
62700,,,,
62714,,,,
62716,,,,
62730,,,,
62732,,,,
62757,,,,
62778,,,,
62805,,,,
62810,,,,
62815,,,,
62876,,,,
62914,,,,
62934,,,,
62946,,,,
62974,,,,
62986,,,,
62987,,,,
62988,,,,
63018,,,,
63072,,,,
63094,,,,
63117,,,,
63154,,,,
63174,,,,
63249,,,,
63295,,,,
63377,,,,
63392,,,,
63494,,,,
63500,,,,
63510,,,,
63546,,,,
63551,,,,
63555,,,,
63587,,,,
63615,,,,
63618,,,,
63635,,,,
63697,,,,
63705,,,,
63732,,,,
63781,,,,
63795,,,,
63828,,,,
63875,,,,
63877,,,,
63886,,,,
63888,,,,
63897,,,,
63902,,,,
63917,,,,
63924,,,,
63979,,,,
63990,,,,
64053,,,,
64060,,,,
64080,,,,
64089,,,,
64100,,,,
64109,,,,
64110,,,,
64115,,,,
64150,,,,
64186,,,,
64200,,,,
64214,,,,
64225,,,,
64248,,,,
64250,,,,
64260,,,,
64271,,,,
64279,,,,
64310,,,,
64319,,,,
64342,,,,
64364,,,,
64365,,,,
64385,,,,
64392,,,,
64416,,,,
64429,,,,
64430,,,,
64461,,,,
64474,,,,
64487,,,,
64495,,,,
64505,,,,
64506,,,,
64572,,,,
64632,,,,
64655,,,,
64754,,,,
64759,,,,
64843,,,,
64849,,,,
64852,,,,
64866,,,,
64918,,,,
64920,,,,
64926,,,,
64937,,,,
64972,,,,
64986,,,,
64988,,,,
65053,,,,
65083,,,,
65086,,,,
65111,,,,
65117,,,,
65141,,,,
65155,,,,
65180,,,,
65250,,,,
65255,,,,
65256,,,,
65285,,,,
65299,,,,
65303,,,,
65304,,,,
65347,,,,
65401,,,,
65403,,,,
65413,,,,
65421,,,,
65432,,,,
65455,,,,
65456,,,,
65486,,,,
65534,,,,
65536,,,,
65542,,,,
65559,,,,
65582,,,,
65648,,,,
65670,,,,
65714,,,,
65740,,,,
65758,,,,
65767,,,,
65780,,,,
65863,,,,
65867,,,,
65874,,,,
65904,,,,
65908,,,,
65913,,,,
65937,,,,
65947,,,,
65957,,,,
65997,,,,
66004,,,,
66027,,,,
66028,,,,
66049,,,,
66059,,,,
66069,,,,
66092,,,,
66115,,,,
66143,,,,
66193,,,,
66252,,,,
66263,,,,
66279,,,,
66281,,,,
66304,,,,
66305,,,,
66325,,,,
66338,,,,
66353,,,,
66362,,,,
66393,,,,
66413,,,,
66422,,,,
66455,,,,
66489,,,,
66499,,,,
66568,,,,
66574,,,,
66576,,,,
66620,,,,
66635,,,,
66649,,,,
66673,,,,
66712,,,,
66756,,,,
66774,,,,
66801,,,,
66843,,,,
66899,,,,
66934,,,,
66952,,,,
67026,,,,
67053,,,,
67059,,,,
67075,,,,
67103,,,,
67112,,,,
67143,,,,
67145,,,,
67167,,,,
67185,,,,
67232,,,,
67267,,,,
67269,,,,
67299,,,,
67325,,,,
67346,,,,
67352,,,,
67380,,,,
67386,,,,
67387,,,,
67389,,,,
67423,,,,
67462,,,,
67477,,,,
67481,,,,
67484,,,,
67494,,,,
67525,,,,
67527,,,,
67544,,,,
67561,,,,
67569,,,,
67584,,,,
67608,,,,
67615,,,,
67618,,,,
67647,,,,
67683,,,,
67685,,,,
67718,,,,
67747,,,,
67771,,,,
67828,,,,
67871,,,,
67898,,,,
67921,,,,
67923,,,,
67935,,,,
67945,,,,
67967,,,,
67996,,,,
67997,,,,
68005,,,,
68019,,,,
68022,,,,
68026,,,,
68035,,,,
68037,,,,
68063,,,,
68068,,,,
68102,,,,
68114,,,,
68146,,,,
68149,,,,
68167,,,,
68172,,,,
68175,,,,
68180,,,,
68205,,,,
68217,,,,
68226,,,,
68233,,,,
68234,,,,
68286,,,,
68293,,,,
68317,,,,
68335,,,,
68338,,,,
68358,,,,
68359,,,,
68401,,,,
68413,,,,
68424,,,,
68433,,,,
68487,,,,
68491,,,,
68533,,,,
68544,,,,
68548,,,,
68558,,,,
68584,,,,
68594,,,,
68625,,,,
68674,,,,
68702,,,,
68717,,,,
68767,,,,
68788,,,,
68812,,,,
68822,,,,
68836,,,,
68839,,,,
68872,,,,
68874,,,,
68892,,,,
68900,,,,
68905,,,,
68914,,,,
69001,,,,
69021,,,,
69043,,,,
69047,,,,
69102,,,,
69162,,,,
69180,,,,
69204,,,,
69219,,,,
69256,,,,
69265,,,,
69281,,,,
69314,,,,
69318,,,,
69335,,,,
69337,,,,
69374,,,,
69378,,,,
69397,,,,
69410,,,,
69430,,,,
69470,,,,
69473,,,,
69494,,,,
69498,,,,
69519,,,,
69526,,,,
69566,,,,
69577,,,,
69582,,,,
69613,,,,
69635,,,,
69672,,,,
69684,,,,
69702,,,,
69709,,,,
69721,,,,
69793,,,,
69877,,,,
69883,,,,
69896,,,,
69914,,,,
69951,,,,
69969,,,,
70021,,,,
70035,,,,
70048,,,,
70073,,,,
70119,,,,
70157,,,,
70170,,,,
70171,,,,
70192,,,,
70201,,,,
70206,,,,
70226,,,,
70232,,,,
70243,,,,
70244,,,,
70279,,,,
70282,,,,
70329,,,,
70337,,,,
70345,,,,
70346,,,,
70463,,,,
70482,,,,
70515,,,,
70525,,,,
70570,,,,
70592,,,,
70594,,,,
70598,,,,
70600,,,,
70604,,,,
70629,,,,
70635,,,,
70641,,,,
70677,,,,
70683,,,,
70687,,,,
70694,,,,
70706,,,,
70759,,,,
70770,,,,
70798,,,,
70833,,,,
70835,,,,
70856,,,,
70874,,,,
70877,,,,
70880,,,,
70895,,,,
70911,,,,
70936,,,,
70939,,,,
70940,,,,
70973,,,,
70989,,,,
70992,,,,
71035,,,,
71052,,,,
71115,,,,
71121,,,,
71138,,,,
71181,,,,
71188,,,,
71231,,,,
71300,,,,
71326,,,,
71328,,,,
71330,,,,
71357,,,,
71362,,,,
71374,,,,
71381,,,,
71389,,,,
71404,,,,
71416,,,,
71432,,,,
71458,,,,
71467,,,,
71507,,,,
71544,,,,
71571,,,,
71618,,,,
71680,,,,
71688,,,,
71689,,,,
71700,,,,
71727,,,,
71742,,,,
71768,,,,
71789,,,,
71791,,,,
71825,,,,
71833,,,,
71841,,,,
71887,,,,
71929,,,,
71939,,,,
71970,,,,
71972,,,,
71979,,,,
71992,,,,
72005,,,,
72023,,,,
72073,,,,
72081,,,,
72136,,,,
72140,,,,
72150,,,,
72200,,,,
72202,,,,
72212,,,,
72214,,,,
72229,,,,
72237,,,,
72252,,,,
72257,,,,
72276,,,,
72281,,,,
72301,,,,
72324,,,,
72326,,,,
72343,,,,
72421,,,,
72465,,,,
72480,,,,
72492,,,,
72518,,,,
72519,,,,
72541,,,,
72572,,,,
72598,,,,
72633,,,,
72679,,,,
72684,,,,
72700,,,,
72710,,,,
72714,,,,
72735,,,,
72745,,,,
72766,,,,
72774,,,,
72828,,,,
72860,,,,
72949,,,,
72956,,,,
72971,,,,
72975,,,,
72978,,,,
72983,,,,
72989,,,,
72998,,,,
73015,,,,
73043,,,,
73093,,,,
73097,,,,
73123,,,,
73132,,,,
73157,,,,
73195,,,,
73204,,,,
73207,,,,
73248,,,,
73258,,,,
73361,,,,
73435,,,,
73521,,,,
73542,,,,
73589,,,,
73598,,,,
73611,,,,
73622,,,,
73639,,,,
73646,,,,
73672,,,,
73680,,,,
73683,,,,
73746,,,,
73757,,,,
73765,,,,
73773,,,,
73807,,,,
73821,,,,
73913,,,,
73937,,,,
73947,,,,
73948,,,,
73957,,,,
73970,,,,
73989,,,,
73994,,,,
74009,,,,
74018,,,,
74019,,,,
74061,,,,
74076,,,,
74085,,,,
74097,,,,
74098,,,,
74105,,,,
74113,,,,
74136,,,,
74175,,,,
74182,,,,
74184,,,,
74208,,,,
74222,,,,
74248,,,,
74303,,,,
74307,,,,
74401,,,,
74442,,,,
74472,,,,
74473,,,,
74487,,,,
74492,,,,
74499,,,,
74502,,,,
74523,,,,
74531,,,,
74539,,,,
74546,,,,
74555,,,,
74586,,,,
74588,,,,
74630,,,,
74687,,,,
74703,,,,
74716,,,,
74718,,,,
74733,,,,
74743,,,,
74748,,,,
74761,,,,
74822,,,,
74849,,,,
74894,,,,
74917,,,,
74980,,,,
75001,,,,
75044,,,,
75057,,,,
75071,,,,
75093,,,,
75104,,,,
75120,,,,
75121,,,,
75141,,,,
75145,,,,
75195,,,,
75230,,,,
75242,,,,
75268,,,,
75275,,,,
75299,,,,
75347,,,,
75373,,,,
75385,,,,
75422,,,,
75438,,,,
75460,,,,
75463,,,,
75466,,,,
75480,,,,
75516,,,,
75573,,,,
75702,,,,
75731,,,,
75808,,,,
75837,,,,
75862,,,,
75890,,,,
75893,,,,
75905,,,,
75926,,,,
75946,,,,
75948,,,,
75959,,,,
76008,,,,
76024,,,,
76063,,,,
76104,,,,
76107,,,,
76118,,,,
76120,,,,
76141,,,,
76152,,,,
76153,,,,
76173,,,,
76213,,,,
76224,,,,
76233,,,,
76239,,,,
76273,,,,
76284,,,,
76293,,,,
76330,,,,
76352,,,,
76353,,,,
76354,,,,
76364,,,,
76374,,,,
76420,,,,
76433,,,,
76464,,,,
76486,,,,
76494,,,,
76571,,,,
76612,,,,
76624,,,,
76630,,,,
76641,,,,
76688,,,,
76695,,,,
76738,,,,
76741,,,,
76751,,,,
76837,,,,
76842,,,,
76861,,,,
76874,,,,
76878,,,,
76914,,,,
76930,,,,
76958,,,,
76959,,,,
77006,,,,
77016,,,,
77017,,,,
77018,,,,
77058,,,,
77086,,,,
77090,,,,
77120,,,,
77137,,,,
77196,,,,
77204,,,,
77206,,,,
77237,,,,
77243,,,,
77247,,,,
77287,,,,
77292,,,,
77297,,,,
77305,,,,
77353,,,,
77374,,,,
77392,,,,
77412,,,,
77463,,,,
77512,,,,
77514,,,,
77521,,,,
77534,,,,
77597,,,,
77630,,,,
77633,,,,
77641,,,,
77657,,,,
77658,,,,
77672,,,,
77696,,,,
77705,,,,
77722,,,,
77753,,,,
77754,,,,
77780,,,,
77787,,,,
77791,,,,
77826,,,,
77871,,,,
77890,,,,
77917,,,,
77968,,,,
77983,,,,
77999,,,,
78040,,,,
78057,,,,
78068,,,,
78111,,,,
78208,,,,
78223,,,,
78226,,,,
78232,,,,
78239,,,,
78253,,,,
78274,,,,
78277,,,,
78285,,,,
78289,,,,
78302,,,,
78311,,,,
78354,,,,
78362,,,,
78372,,,,
78411,,,,
78424,,,,
78463,,,,
78473,,,,
78484,,,,
78497,,,,
78499,,,,
78512,,,,
78521,,,,
78564,,,,
78592,,,,
78594,,,,
78635,,,,
78659,,,,
78696,,,,
78701,,,,
78724,,,,
78740,,,,
78759,,,,
78774,,,,
78781,,,,
78821,,,,
78860,,,,
78917,,,,
78937,,,,
78939,,,,
78940,,,,
78945,,,,
78957,,,,
78959,,,,
79054,,,,
79074,,,,
79095,,,,
79107,,,,
79122,,,,
79167,,,,
79168,,,,
79209,,,,
79244,,,,
79274,,,,
79298,,,,
79311,,,,
79364,,,,
79366,,,,
79397,,,,
79401,,,,
79454,,,,
79457,,,,
79476,,,,
79507,,,,
79531,,,,
79542,,,,
79581,,,,
79614,,,,
79625,,,,
79627,,,,
79648,,,,
79684,,,,
79713,,,,
79734,,,,
79739,,,,
79761,,,,
79818,,,,
79828,,,,
79846,,,,
79849,,,,
79868,,,,
79872,,,,
79903,,,,
79943,,,,
79993,,,,
80000,,,,
80040,,,,
80053,,,,
80063,,,,
80070,,,,
80080,,,,
80097,,,,
80185,,,,
80186,,,,
80201,,,,
80258,,,,
80275,,,,
80278,,,,
80288,,,,
80302,,,,
80401,,,,
80449,,,,
80461,,,,
80475,,,,
80479,,,,
80485,,,,
80501,,,,
80521,,,,
80542,,,,
80585,,,,
80594,,,,
80609,,,,
80659,,,,
80668,,,,
80754,,,,
80760,,,,
80771,,,,
80805,,,,
80809,,,,
80864,,,,
80874,,,,
80882,,,,
80919,,,,
80920,,,,
80946,,,,
80949,,,,
80987,,,,
81034,,,,
81103,,,,
81112,,,,
81114,,,,
81117,,,,
81118,,,,
81143,,,,
81147,,,,
81174,,,,
81182,,,,
81197,,,,
81207,,,,
81216,,,,
81222,,,,
81229,,,,
81239,,,,
81248,,,,
81252,,,,
81257,,,,
81262,,,,
81267,,,,
81271,,,,
81274,,,,
81300,,,,
81332,,,,
81338,,,,
81342,,,,
81365,,,,
81435,,,,
81452,,,,
81485,,,,
81487,,,,
81509,,,,
81545,,,,
81551,,,,
81568,,,,
81574,,,,
81620,,,,
81639,,,,
81652,,,,
81675,,,,
81701,,,,
81703,,,,
81706,,,,
81725,,,,
81765,,,,
81783,,,,
81794,,,,
81801,,,,
81802,,,,
81809,,,,
81811,,,,
81838,,,,
81852,,,,
81873,,,,
81884,,,,
81894,,,,
81928,,,,
81949,,,,
81955,,,,
81959,,,,
81996,,,,
81998,,,,
82012,,,,
82049,,,,
82064,,,,
82097,,,,
82110,,,,
82134,,,,
82155,,,,
82174,,,,
82202,,,,
82211,,,,
82219,,,,
82253,,,,
82277,,,,
82287,,,,
82301,,,,
82307,,,,
82339,,,,
82361,,,,
82370,,,,
82388,,,,
82410,,,,
82418,,,,
82428,,,,
82434,,,,
82440,,,,
82466,,,,
82468,,,,
82472,,,,
82497,,,,
82503,,,,
82513,,,,
82514,,,,
82580,,,,
82642,,,,
82647,,,,
82658,,,,
82668,,,,
82720,,,,
82747,,,,
82771,,,,
82784,,,,
82811,,,,
82880,,,,
82889,,,,
82909,,,,
82927,,,,
82936,,,,
82971,,,,
82981,,,,
83024,,,,
83063,,,,
83076,,,,
83081,,,,
83122,,,,
83151,,,,
83159,,,,
83164,,,,
83182,,,,
83203,,,,
83237,,,,
83252,,,,
83258,,,,
83313,,,,
83330,,,,
83334,,,,
83358,,,,
83360,,,,
83373,,,,
83381,,,,
83415,,,,
83440,,,,
83474,,,,
83479,,,,
83507,,,,
83518,,,,
83531,,,,
83553,,,,
83555,,,,
83556,,,,
83557,,,,
83594,,,,
83604,,,,
83619,,,,
83625,,,,
83631,,,,
83639,,,,
83644,,,,
83655,,,,
83680,,,,
83693,,,,
83698,,,,
83720,,,,
83726,,,,
83812,,,,
83823,,,,
83855,,,,
83874,,,,
83891,,,,
83907,,,,
83936,,,,
83949,,,,
83972,,,,
83982,,,,
83993,,,,
84043,,,,
84048,,,,
84049,,,,
84084,,,,
84110,,,,
84151,,,,
84164,,,,
84271,,,,
84288,,,,
84297,,,,
84323,,,,
84338,,,,
84390,,,,
84404,,,,
84420,,,,
84428,,,,
84430,,,,
84441,,,,
84465,,,,
84476,,,,
84492,,,,
84515,,,,
84521,,,,
84542,,,,
84549,,,,
84551,,,,
84558,,,,
84572,,,,
84607,,,,
84633,,,,
84660,,,,
84716,,,,
84737,,,,
84752,,,,
84777,,,,
84792,,,,
84806,,,,
84825,,,,
84886,,,,
84903,,,,
84930,,,,
84940,,,,
84948,,,,
84962,,,,
84963,,,,
84964,,,,
84975,,,,
85030,,,,
85049,,,,
85053,,,,
85095,,,,
85103,,,,
85128,,,,
85148,,,,
85155,,,,
85172,,,,
85190,,,,
85226,,,,
85242,,,,
85249,,,,
85254,,,,
85268,,,,
85292,,,,
85304,,,,
85352,,,,
85374,,,,
85391,,,,
85422,,,,
85472,,,,
85494,,,,
85518,,,,
85523,,,,
85525,,,,
85545,,,,
85548,,,,
85558,,,,
85567,,,,
85574,,,,
85581,,,,
85584,,,,
85594,,,,
85599,,,,
85605,,,,
85609,,,,
85640,,,,
85654,,,,
85672,,,,
85731,,,,
85738,,,,
85763,,,,
85803,,,,
85806,,,,
85811,,,,
85813,,,,
85824,,,,
85825,,,,
85833,,,,
85893,,,,
85894,,,,
85928,,,,
85942,,,,
85976,,,,
85993,,,,
85999,,,,
86043,,,,
86052,,,,
86077,,,,
86087,,,,
86106,,,,
86155,,,,
86156,,,,
86185,,,,
86192,,,,
86194,,,,
86204,,,,
86211,,,,
86214,,,,
86229,,,,
86231,,,,
86232,,,,
86252,,,,
86254,,,,
86332,,,,
86340,,,,
86392,,,,
86410,,,,
86435,,,,
86449,,,,
86456,,,,
86461,,,,
86467,,,,
86482,,,,
86485,,,,
86504,,,,
86517,,,,
86541,,,,
86563,,,,
86567,,,,
86589,,,,
86591,,,,
86592,,,,
86656,,,,
86662,,,,
86684,,,,
86729,,,,
86761,,,,
86768,,,,
86783,,,,
86784,,,,
86828,,,,
86875,,,,
86877,,,,
86883,,,,
86995,,,,
87009,,,,
87029,,,,
87033,,,,
87042,,,,
87079,,,,
87094,,,,
87096,,,,
87135,,,,
87138,,,,
87247,,,,
87271,,,,
87283,,,,
87346,,,,
87360,,,,
87372,,,,
87383,,,,
87403,,,,
87428,,,,
87445,,,,
87469,,,,
87486,,,,
87490,,,,
87502,,,,
87514,,,,
87537,,,,
87551,,,,
87553,,,,
87561,,,,
87576,,,,
87586,,,,
87602,,,,
87680,,,,
87693,,,,
87746,,,,
87773,,,,
87794,,,,
87797,,,,
87801,,,,
87803,,,,
87813,,,,
87821,,,,
87838,,,,
87848,,,,
87867,,,,
87871,,,,
87878,,,,
87908,,,,
87931,,,,
87942,,,,
87953,,,,
87968,,,,
87971,,,,
87992,,,,
87999,,,,
88015,,,,
88044,,,,
88055,,,,
88079,,,,
88085,,,,
88086,,,,
88091,,,,
88096,,,,
88126,,,,
88144,,,,
88162,,,,
88168,,,,
88173,,,,
88212,,,,
88266,,,,
88271,,,,
88275,,,,
88288,,,,
88293,,,,
88300,,,,
88312,,,,
88324,,,,
88330,,,,
88371,,,,
88394,,,,
88397,,,,
88409,,,,
88446,,,,
88455,,,,
88463,,,,
88500,,,,
88518,,,,
88561,,,,
88562,,,,
88570,,,,
88591,,,,
88601,,,,
88608,,,,
88628,,,,
88656,,,,
88738,,,,
88754,,,,
88773,,,,
88805,,,,
88807,,,,
88820,,,,
88821,,,,
88838,,,,
88850,,,,
88873,,,,
88898,,,,
88932,,,,
88937,,,,
89017,,,,
89059,,,,
89069,,,,
89080,,,,
89115,,,,
89178,,,,
89180,,,,
89191,,,,
89212,,,,
89231,,,,
89248,,,,
89274,,,,
89285,,,,
89294,,,,
89330,,,,
89362,,,,
89371,,,,
89386,,,,
89392,,,,
89442,,,,
89454,,,,
89456,,,,
89503,,,,
89519,,,,
89520,,,,
89527,,,,
89538,,,,
89564,,,,
89609,,,,
89617,,,,
89658,,,,
89693,,,,
89695,,,,
89721,,,,
89728,,,,
89799,,,,
89825,,,,
89843,,,,
89849,,,,
89850,,,,
89869,,,,
89887,,,,
89891,,,,
89917,,,,
89972,,,,
89988,,,,
89994,,,,
90064,,,,
90084,,,,
90085,,,,
90097,,,,
90145,,,,
90191,,,,
90215,,,,
90216,,,,
90220,,,,
90242,,,,
90330,,,,
90381,,,,
90421,,,,
90422,,,,
90453,,,,
90462,,,,
90474,,,,
90500,,,,
90513,,,,
90514,,,,
90550,,,,
90569,,,,
90607,,,,
90613,,,,
90615,,,,
90618,,,,
90638,,,,
90678,,,,
90689,,,,
90705,,,,
90709,,,,
90714,,,,
90726,,,,
90727,,,,
90746,,,,
90754,,,,
90781,,,,
90790,,,,
90826,,,,
90832,,,,
90880,,,,
90883,,,,
90963,,,,
90968,,,,
90996,,,,
91015,,,,
91039,,,,
91054,,,,
91078,,,,
91089,,,,
91123,,,,
91139,,,,
91149,,,,
91177,,,,
91212,,,,
91235,,,,
91238,,,,
91271,,,,
91293,,,,
91308,,,,
91323,,,,
91331,,,,
91346,,,,
91357,,,,
91362,,,,
91402,,,,
91414,,,,
91423,,,,
91478,,,,
91484,,,,
91527,,,,
91531,,,,
91544,,,,
91553,,,,
91559,,,,
91572,,,,
91627,,,,
91633,,,,
91707,,,,
91709,,,,
91760,,,,
91784,,,,
91793,,,,
91969,,,,
91973,,,,
92018,,,,
92072,,,,
92085,,,,
92104,,,,
92106,,,,
92161,,,,
92174,,,,
92256,,,,
92257,,,,
92306,,,,
92362,,,,
92374,,,,
92385,,,,
92391,,,,
92409,,,,
92430,,,,
92432,,,,
92435,,,,
92472,,,,
92475,,,,
92499,,,,
92540,,,,
92562,,,,
92621,,,,
92634,,,,
92636,,,,
92637,,,,
92642,,,,
92678,,,,
92703,,,,
92706,,,,
92743,,,,
92773,,,,
92814,,,,
92821,,,,
92838,,,,
92861,,,,
92882,,,,
92885,,,,
92934,,,,
92974,,,,
92980,,,,
93004,,,,
93009,,,,
93016,,,,
93037,,,,
93060,,,,
93068,,,,
93086,,,,
93130,,,,
93140,,,,
93146,,,,
93203,,,,
93216,,,,
93234,,,,
93258,,,,
93260,,,,
93266,,,,
93273,,,,
93300,,,,
93301,,,,
93316,,,,
93347,,,,
93350,,,,
93387,,,,
93388,,,,
93410,,,,
93414,,,,
93433,,,,
93440,,,,
93445,,,,
93479,,,,
93527,,,,
93547,,,,
93568,,,,
93596,,,,
93599,,,,
93617,,,,
93619,,,,
93623,,,,
93627,,,,
93645,,,,
93669,,,,
93670,,,,
93692,,,,
93703,,,,
93705,,,,
93710,,,,
93733,,,,
93749,,,,
93864,,,,
93898,,,,
93954,,,,
93956,,,,
93995,,,,
94006,,,,
94013,,,,
94017,,,,
94026,,,,
94036,,,,
94047,,,,
94076,,,,
94077,,,,
94089,,,,
94092,,,,
94136,,,,
94142,,,,
94145,,,,
94175,,,,
94198,,,,
94247,,,,
94278,,,,
94309,,,,
94326,,,,
94333,,,,
94377,,,,
94405,,,,
94410,,,,
94453,,,,
94462,,,,
94464,,,,
94541,,,,
94583,,,,
94591,,,,
94598,,,,
94628,,,,
94630,,,,
94650,,,,
94676,,,,
94700,,,,
94704,,,,
94720,,,,
94728,,,,
94736,,,,
94802,,,,
94823,,,,
94824,,,,
94855,,,,
94866,,,,
94883,,,,
94890,,,,
94891,,,,
94893,,,,
94909,,,,
94932,,,,
94985,,,,
95030,,,,
95067,,,,
95112,,,,
95147,,,,
95159,,,,
95215,,,,
95216,,,,
95219,,,,
95232,,,,
95273,,,,
95283,,,,
95288,,,,
95327,,,,
95353,,,,
95365,,,,
95417,,,,
95420,,,,
95448,,,,
95449,,,,
95451,,,,
95501,,,,
95524,,,,
95528,,,,
95530,,,,
95536,,,,
95552,,,,
95560,,,,
95583,,,,
95607,,,,
95614,,,,
95616,,,,
95657,,,,
95706,,,,
95708,,,,
95726,,,,
95728,,,,
95732,,,,
95750,,,,
95784,,,,
95822,,,,
95841,,,,
95880,,,,
95882,,,,
95895,,,,
95924,,,,
95925,,,,
95959,,,,
95972,,,,
95987,,,,
95996,,,,
96015,,,,
96027,,,,
96046,,,,
96053,,,,
96109,,,,
96124,,,,
96148,,,,
96168,,,,
96179,,,,
96182,,,,
96204,,,,
96208,,,,
96209,,,,
96225,,,,
96243,,,,
96244,,,,
96296,,,,
96311,,,,
96318,,,,
96320,,,,
96340,,,,
96345,,,,
96359,,,,
96370,,,,
96372,,,,
96378,,,,
96406,,,,
96434,,,,
96441,,,,
96450,,,,
96477,,,,
96482,,,,
96541,,,,
96557,,,,
96582,,,,
96585,,,,
96610,,,,
96645,,,,
96687,,,,
96744,,,,
96754,,,,
96755,,,,
96792,,,,
96795,,,,
96858,,,,
96864,,,,
96875,,,,
96891,,,,
96901,,,,
96903,,,,
96913,,,,
96936,,,,
96947,,,,
96948,,,,
96954,,,,
96966,,,,
96969,,,,
96977,,,,
96985,,,,
96994,,,,
97059,,,,
97072,,,,
97092,,,,
97107,,,,
97119,,,,
97163,,,,
97195,,,,
97198,,,,
97231,,,,
97276,,,,
97290,,,,
97315,,,,
97351,,,,
97356,,,,
97373,,,,
97384,,,,
97407,,,,
97410,,,,
97436,,,,
97438,,,,
97439,,,,
97479,,,,
97500,,,,
97521,,,,
97551,,,,
97570,,,,
97602,,,,
97652,,,,
97653,,,,
97671,,,,
97691,,,,
97724,,,,
97744,,,,
97762,,,,
97802,,,,
97804,,,,
97819,,,,
97826,,,,
97828,,,,
97845,,,,
97856,,,,
97871,,,,
97873,,,,
97880,,,,
97881,,,,
97891,,,,
97950,,,,
97953,,,,
97961,,,,
98038,,,,
98093,,,,
98094,,,,
98113,,,,
98122,,,,
98123,,,,
98134,,,,
98168,,,,
98176,,,,
98235,,,,
98256,,,,
98277,,,,
98278,,,,
98301,,,,
98321,,,,
98323,,,,
98353,,,,
98364,,,,
98370,,,,
98412,,,,
98420,,,,
98443,,,,
98474,,,,
98494,,,,
98506,,,,
98510,,,,
98527,,,,
98541,,,,
98548,,,,
98587,,,,
98597,,,,
98601,,,,
98644,,,,
98652,,,,
98699,,,,
98704,,,,
98741,,,,
98756,,,,
98781,,,,
98788,,,,
98792,,,,
98871,,,,
98880,,,,
98888,,,,
98892,,,,
98893,,,,
98915,,,,
98946,,,,
98953,,,,
98973,,,,
98982,,,,
99015,,,,
99078,,,,
99109,,,,
99112,,,,
99126,,,,
99149,,,,
99164,,,,
99210,,,,
99224,,,,
99270,,,,
99290,,,,
99320,,,,
99342,,,,
99391,,,,
99429,,,,
99431,,,,
99436,,,,
99448,,,,
99451,,,,
99471,,,,
99476,,,,
99477,,,,
99506,,,,
99593,,,,
99631,,,,
99646,,,,
99648,,,,
99674,,,,
99706,,,,
99733,,,,
99807,,,,
99849,,,,
99871,,,,
99904,,,,
99934,,,,
99998,,,,
100031,,,,
100074,,,,
100104,,,,
100113,,,,
100144,,,,
100165,,,,
100168,,,,
100240,,,,
100277,,,,
100322,,,,
100366,,,,
100371,,,,
100385,,,,
100392,,,,
100405,,,,
100411,,,,
100464,,,,
100482,,,,
100528,,,,
100529,,,,
100541,,,,
100546,,,,
100560,,,,
100566,,,,
100596,,,,
100601,,,,
100623,,,,
100624,,,,
100635,,,,
100637,,,,
100685,,,,
100699,,,,
100722,,,,
100728,,,,
100738,,,,
100750,,,,
100801,,,,
100823,,,,
100889,,,,
100890,,,,
100922,,,,
100927,,,,
100937,,,,
100940,,,,
101004,,,,
101032,,,,
101040,,,,
101050,,,,
101055,,,,
101085,,,,
101091,,,,
101095,,,,
101133,,,,
101136,,,,
101137,,,,
101146,,,,
101171,,,,
101200,,,,
101214,,,,
101270,,,,
101275,,,,
101324,,,,
101334,,,,
101345,,,,
101379,,,,
101419,,,,
101423,,,,
101499,,,,
101515,,,,
101519,,,,
101530,,,,
101546,,,,
101555,,,,
101557,,,,
101569,,,,
101586,,,,
101675,,,,
101681,,,,
101731,,,,
101732,,,,
101767,,,,
101785,,,,
101789,,,,
101818,,,,
101828,,,,
101830,,,,
101835,,,,
101862,,,,
101877,,,,
101883,,,,
101894,,,,
101900,,,,
101921,,,,
101939,,,,
101952,,,,
101968,,,,
101974,,,,
101995,,,,
102001,,,,
102025,,,,
102098,,,,
102118,,,,
102186,,,,
102194,,,,
102218,,,,
102244,,,,
102302,,,,
102342,,,,
102349,,,,
102359,,,,
102386,,,,
102388,,,,
102421,,,,
102488,,,,
102532,,,,
102549,,,,
102563,,,,
102565,,,,
102576,,,,
102580,,,,
102594,,,,
102642,,,,
102668,,,,
102679,,,,
102681,,,,
102705,,,,
102720,,,,
102722,,,,
102749,,,,
102750,,,,
102770,,,,
102853,,,,
102876,,,,
102878,,,,
102911,,,,
102925,,,,
102932,,,,
102945,,,,
102954,,,,
102975,,,,
103016,,,,
103018,,,,
103027,,,,
103076,,,,
103078,,,,
103095,,,,
103104,,,,
103113,,,,
103125,,,,
103126,,,,
103132,,,,
103140,,,,
103175,,,,
103201,,,,
103213,,,,
103254,,,,
103268,,,,
103317,,,,
103379,,,,
103459,,,,
103470,,,,
103478,,,,
103493,,,,
103497,,,,
103531,,,,
103566,,,,
103582,,,,
103584,,,,
103610,,,,
103618,,,,
103624,,,,
103625,,,,
103668,,,,
103701,,,,
103702,,,,
103734,,,,
103756,,,,
103764,,,,
103767,,,,
103773,,,,
103804,,,,
103816,,,,
103836,,,,
103859,,,,
103861,,,,
103872,,,,
103877,,,,
103881,,,,
103893,,,,
103894,,,,
103927,,,,
103943,,,,
103975,,,,
103999,,,,
104018,,,,
104037,,,,
104059,,,,
104075,,,,
104084,,,,
104102,,,,
104113,,,,
104142,,,,
104147,,,,
104207,,,,
104232,,,,
104244,,,,
104247,,,,
104250,,,,
104331,,,,
104393,,,,
104397,,,,
104427,,,,
104455,,,,
104464,,,,
104479,,,,
104480,,,,
104500,,,,
104508,,,,
104511,,,,
104529,,,,
104531,,,,
104543,,,,
104560,,,,
104576,,,,
104628,,,,
104727,,,,
104732,,,,
104753,,,,
104790,,,,
104805,,,,
104824,,,,
104868,,,,
104887,,,,
104907,,,,
104942,,,,
104944,,,,
104958,,,,
104966,,,,
104977,,,,
104978,,,,
104988,,,,
105032,,,,
105059,,,,
105081,,,,
105086,,,,
105105,,,,
105128,,,,
105138,,,,
105161,,,,
105170,,,,
105192,,,,
105207,,,,
105214,,,,
105216,,,,
105264,,,,
105371,,,,
105434,,,,
105455,,,,
105512,,,,
105530,,,,
105532,,,,
105547,,,,
105565,,,,
105578,,,,
105640,,,,
105641,,,,
105650,,,,
105672,,,,
105707,,,,
105715,,,,
105757,,,,
105841,,,,
105873,,,,
105910,,,,
105969,,,,
105996,,,,
105999,,,,
106019,,,,
106049,,,,
106068,,,,
106158,,,,
106203,,,,
106221,,,,
106236,,,,
106308,,,,
106313,,,,
106403,,,,
106426,,,,
106433,,,,
106437,,,,
106441,,,,
106514,,,,
106537,,,,
106579,,,,
106614,,,,
106637,,,,
106646,,,,
106659,,,,
106676,,,,
106682,,,,
106687,,,,
106705,,,,
106712,,,,
106755,,,,
106796,,,,
106817,,,,
106822,,,,
106831,,,,
106845,,,,
106893,,,,
106904,,,,
106910,,,,
106919,,,,
106939,,,,
106961,,,,
106970,,,,
106989,,,,
107020,,,,
107041,,,,
107087,,,,
107099,,,,
107111,,,,
107117,,,,
107120,,,,
107121,,,,
107124,,,,
107126,,,,
107130,,,,
107197,,,,
107204,,,,
107215,,,,
107221,,,,
107256,,,,
107278,,,,
107284,,,,
107288,,,,
107322,,,,
107334,,,,
107398,,,,
107417,,,,
107433,,,,
107468,,,,
107478,,,,
107514,,,,
107553,,,,
107572,,,,
107619,,,,
107626,,,,
107640,,,,
107643,,,,
107672,,,,
107684,,,,
107689,,,,
107693,,,,
107711,,,,
107720,,,,
107774,,,,
107779,,,,
107809,,,,
107820,,,,
107841,,,,
107859,,,,
107861,,,,
107866,,,,
107888,,,,
107893,,,,
107904,,,,
107912,,,,
107915,,,,
107921,,,,
107922,,,,
107925,,,,
107979,,,,
107991,,,,
107992,,,,
108004,,,,
108010,,,,
108012,,,,
108039,,,,
108104,,,,
108111,,,,
108130,,,,
108159,,,,
108191,,,,
108195,,,,
108214,,,,
108248,,,,
108260,,,,
108277,,,,
108285,,,,
108291,,,,
108355,,,,
108358,,,,
108373,,,,
108401,,,,
108403,,,,
108419,,,,
108426,,,,
108442,,,,
108446,,,,
108450,,,,
108473,,,,
108477,,,,
108481,,,,
108491,,,,
108538,,,,
108549,,,,
108554,,,,
108574,,,,
108575,,,,
108668,,,,
108692,,,,
108731,,,,
108754,,,,
108809,,,,
108820,,,,
108895,,,,
108922,,,,
108961,,,,
109009,,,,
109039,,,,
109085,,,,
109090,,,,
109091,,,,
109177,,,,
109210,,,,
109252,,,,
109258,,,,
109273,,,,
109312,,,,
109332,,,,
109347,,,,
109351,,,,
109353,,,,
109367,,,,
109379,,,,
109387,,,,
109428,,,,
109429,,,,
109431,,,,
109442,,,,
109451,,,,
109460,,,,
109473,,,,
109499,,,,
109505,,,,
109510,,,,
109550,,,,
109582,,,,
109644,,,,
109692,,,,
109697,,,,
109726,,,,
109734,,,,
109737,,,,
109742,,,,
109746,,,,
109764,,,,
109773,,,,
109788,,,,
109820,,,,
109888,,,,
109915,,,,
109923,,,,
109933,,,,
109970,,,,
109984,,,,
110002,,,,
110004,,,,
110025,,,,
110026,,,,
110031,,,,
110061,,,,
110115,,,,
110118,,,,
110128,,,,
110129,,,,
110139,,,,
110148,,,,
110190,,,,
110217,,,,
110249,,,,
110269,,,,
110293,,,,
110322,,,,
110339,,,,
110357,,,,
110367,,,,
110372,,,,
110383,,,,
110414,,,,
110479,,,,
110488,,,,
110507,,,,
110509,,,,
110542,,,,
110546,,,,
110605,,,,
110624,,,,
110654,,,,
110661,,,,
110669,,,,
110706,,,,
110712,,,,
110749,,,,
110754,,,,
110769,,,,
110772,,,,
110773,,,,
110794,,,,
110838,,,,
110847,,,,
110866,,,,
110868,,,,
110947,,,,
110951,,,,
110960,,,,
110977,,,,
110979,,,,
110991,,,,
111036,,,,
111039,,,,
111067,,,,
111135,,,,
111139,,,,
111143,,,,
111155,,,,
111174,,,,
111189,,,,
111202,,,,
111205,,,,
111206,,,,
111231,,,,
111266,,,,
111321,,,,
111372,,,,
111416,,,,
111452,,,,
111460,,,,
111472,,,,
111473,,,,
111494,,,,
111501,,,,
111541,,,,
111577,,,,
111611,,,,
111650,,,,
111657,,,,
111660,,,,
111671,,,,
111703,,,,
111724,,,,
111726,,,,
111751,,,,
111772,,,,
111798,,,,
111827,,,,
111836,,,,
111841,,,,
111865,,,,
111886,,,,
111933,,,,
111937,,,,
111959,,,,
111960,,,,
111963,,,,
111976,,,,
111981,,,,
111982,,,,
112052,,,,
112058,,,,
112137,,,,
112160,,,,
112174,,,,
112199,,,,
112203,,,,
112217,,,,
112224,,,,
112232,,,,
112237,,,,
112242,,,,
112253,,,,
112254,,,,
112256,,,,
112284,,,,
112319,,,,
112327,,,,
112328,,,,
112334,,,,
112337,,,,
112339,,,,
112350,,,,
112368,,,,
112376,,,,
112380,,,,
112401,,,,
112408,,,,
112423,,,,
112467,,,,
112480,,,,
112484,,,,
112499,,,,
112512,,,,
112533,,,,
112593,,,,
112601,,,,
112618,,,,
112632,,,,
112684,,,,
112703,,,,
112736,,,,
112742,,,,
112746,,,,
112783,,,,
112785,,,,
112808,,,,
112813,,,,
112852,,,,
112864,,,,
112890,,,,
112948,,,,
112966,,,,
113022,,,,
113081,,,,
113116,,,,
113181,,,,
113228,,,,
113229,,,,
113234,,,,
113249,,,,
113259,,,,
113326,,,,
113377,,,,
113398,,,,
113443,,,,
113479,,,,
113487,,,,
113512,,,,
113518,,,,
113540,,,,
113584,,,,
113610,,,,
113630,,,,
113642,,,,
113645,,,,
113651,,,,
113652,,,,
113673,,,,
113677,,,,
113706,,,,
113734,,,,
113765,,,,
113768,,,,
113770,,,,
113772,,,,
113779,,,,
113806,,,,
113811,,,,
113834,,,,
113847,,,,
113863,,,,
113865,,,,
113902,,,,
113909,,,,
113940,,,,
113944,,,,
113957,,,,
113958,,,,
114001,,,,
114009,,,,
114053,,,,
114078,,,,
114135,,,,
114222,,,,
114237,,,,
114244,,,,
114270,,,,
114279,,,,
114299,,,,
114316,,,,
114338,,,,
114346,,,,
114348,,,,
114378,,,,
114384,,,,
114386,,,,
114406,,,,
114414,,,,
114440,,,,
114448,,,,
114478,,,,
114491,,,,
114499,,,,
114501,,,,
114531,,,,
114545,,,,
114552,,,,
114579,,,,
114601,,,,
114606,,,,
114623,,,,
114629,,,,
114639,,,,
114645,,,,
114651,,,,
114666,,,,
114671,,,,
114716,,,,
114717,,,,
114720,,,,
114758,,,,
114771,,,,
114773,,,,
114779,,,,
114898,,,,
114911,,,,
114923,,,,
114937,,,,
114967,,,,
115014,,,,
115029,,,,
115094,,,,
115095,,,,
115140,,,,
115153,,,,
115164,,,,
115176,,,,
115199,,,,
115202,,,,
115213,,,,
115222,,,,
115226,,,,
115265,,,,
115268,,,,
115286,,,,
115312,,,,
115334,,,,
115359,,,,
115364,,,,
115372,,,,
115408,,,,
115416,,,,
115422,,,,
115424,,,,
115473,,,,
115495,,,,
115501,,,,
115502,,,,
115506,,,,
115508,,,,
115539,,,,
115584,,,,
115592,,,,
115606,,,,
115609,,,,
115611,,,,
115615,,,,
115620,,,,
115625,,,,
115651,,,,
115652,,,,
115669,,,,
115679,,,,
115742,,,,
115767,,,,
115807,,,,
115811,,,,
115829,,,,
115852,,,,
115913,,,,
115926,,,,
115955,,,,
115968,,,,
115990,,,,
115992,,,,
116095,,,,
116116,,,,
116185,,,,
116189,,,,
116198,,,,
116204,,,,
116210,,,,
116213,,,,
116220,,,,
116253,,,,
116263,,,,
116302,,,,
116317,,,,
116342,,,,
116353,,,,
116356,,,,
116366,,,,
116420,,,,
116450,,,,
116460,,,,
116498,,,,
116499,,,,
116501,,,,
116550,,,,
116586,,,,
116613,,,,
116622,,,,
116638,,,,
116686,,,,
116708,,,,
116724,,,,
116730,,,,
116740,,,,
116806,,,,
116866,,,,
116912,,,,
117005,,,,
117007,,,,
117011,,,,
117061,,,,
117074,,,,
117107,,,,
117111,,,,
117133,,,,
117143,,,,
117144,,,,
117151,,,,
117173,,,,
117175,,,,
117182,,,,
117203,,,,
117214,,,,
117232,,,,
117259,,,,
117265,,,,
117266,,,,
117269,,,,
117270,,,,
117355,,,,
117395,,,,
117405,,,,
117426,,,,
117457,,,,
117493,,,,
117497,,,,
117516,,,,
117561,,,,
117611,,,,
117651,,,,
117675,,,,
117681,,,,
117705,,,,
117708,,,,
117713,,,,
117726,,,,
117729,,,,
117756,,,,
117780,,,,
117793,,,,
117799,,,,
117813,,,,
117831,,,,
117834,,,,
117861,,,,
117905,,,,
117918,,,,
117942,,,,
117971,,,,
118011,,,,
118043,,,,
118060,,,,
118063,,,,
118066,,,,
118067,,,,
118096,,,,
118138,,,,
118155,,,,
118177,,,,
118247,,,,
118253,,,,
118256,,,,
118289,,,,
118292,,,,
118335,,,,
118349,,,,
118372,,,,
118396,,,,
118397,,,,
118416,,,,
118419,,,,
118442,,,,
118461,,,,
118465,,,,
118468,,,,
118473,,,,
118481,,,,
118482,,,,
118506,,,,
118534,,,,
118598,,,,
118605,,,,
118606,,,,
118636,,,,
118698,,,,
118702,,,,
118735,,,,
118742,,,,
118861,,,,
118895,,,,
118914,,,,
118950,,,,
118991,,,,
119013,,,,
119024,,,,
119027,,,,
119043,,,,
119045,,,,
119046,,,,
119047,,,,
119091,,,,
119134,,,,
119169,,,,
119197,,,,
119220,,,,
119260,,,,
119278,,,,
119309,,,,
119323,,,,
119330,,,,
119343,,,,
119367,,,,
119369,,,,
119384,,,,
119393,,,,
119436,,,,
119458,,,,
119466,,,,
119477,,,,
119501,,,,
119515,,,,
119520,,,,
119522,,,,
119533,,,,
119535,,,,
119539,,,,
119542,,,,
119561,,,,
119563,,,,
119625,,,,
119673,,,,
119716,,,,
119724,,,,
119746,,,,
119757,,,,
119798,,,,
119824,,,,
119837,,,,
119874,,,,
119917,,,,
119980,,,,
119981,,,,
119989,,,,
120040,,,,
120045,,,,
120048,,,,
120067,,,,
120068,,,,
120076,,,,
120086,,,,
120130,,,,
120133,,,,
120138,,,,
120139,,,,
120147,,,,
120197,,,,
120223,,,,
120244,,,,
120274,,,,
120290,,,,
120303,,,,
120308,,,,
120309,,,,
120320,,,,
120356,,,,
120378,,,,
120388,,,,
120395,,,,
120398,,,,
120405,,,,
120420,,,,
120442,,,,
120479,,,,
120524,,,,
120572,,,,
120596,,,,
120609,,,,
120612,,,,
120617,,,,
120647,,,,
120667,,,,
120668,,,,
120691,,,,
120729,,,,
120748,,,,
120765,,,,
120782,,,,
120816,,,,
120842,,,,
120856,,,,
120907,,,,
120908,,,,
120935,,,,
120937,,,,
120941,,,,
121037,,,,
121040,,,,
121052,,,,
121055,,,,
121067,,,,
121114,,,,
121143,,,,
121164,,,,
121169,,,,
121180,,,,
121208,,,,
121220,,,,
121221,,,,
121227,,,,
121280,,,,
121303,,,,
121316,,,,
121350,,,,
121369,,,,
121386,,,,
121403,,,,
121412,,,,
121436,,,,
121487,,,,
121492,,,,
121497,,,,
121522,,,,
121531,,,,
121535,,,,
121553,,,,
121567,,,,
121598,,,,
121612,,,,
121628,,,,
121631,,,,
121650,,,,
121658,,,,
121666,,,,
121673,,,,
121684,,,,
121707,,,,
121718,,,,
121735,,,,
121760,,,,
121794,,,,
121802,,,,
121853,,,,
121870,,,,
121907,,,,
121913,,,,
121917,,,,
121954,,,,
121966,,,,
121987,,,,
122044,,,,
122050,,,,
122058,,,,
122062,,,,
122129,,,,
122176,,,,
122179,,,,
122181,,,,
122219,,,,
122245,,,,
122263,,,,
122279,,,,
122301,,,,
122303,,,,
122310,,,,
122318,,,,
122354,,,,
122371,,,,
122421,,,,
122459,,,,
122464,,,,
122514,,,,
122523,,,,
122524,,,,
122544,,,,
122549,,,,
122604,,,,
122652,,,,
122693,,,,
122703,,,,
122710,,,,
122731,,,,
122756,,,,
122760,,,,
122871,,,,
122877,,,,
122897,,,,
122919,,,,
122925,,,,
122951,,,,
122980,,,,
122983,,,,
123019,,,,
123049,,,,
123053,,,,
123099,,,,
123108,,,,
123140,,,,
123162,,,,
123175,,,,
123176,,,,
123191,,,,
123201,,,,
123206,,,,
123225,,,,
123242,,,,
123255,,,,
123260,,,,
123265,,,,
123268,,,,
123290,,,,
123297,,,,
123303,,,,
123335,,,,
123370,,,,
123371,,,,
123387,,,,
123419,,,,
123485,,,,
123613,,,,
123641,,,,
123681,,,,
123698,,,,
123707,,,,
123759,,,,
123763,,,,
123775,,,,
123780,,,,
123810,,,,
123875,,,,
123885,,,,
123889,,,,
123918,,,,
123935,,,,
123946,,,,
123955,,,,
123956,,,,
124015,,,,
124018,,,,
124025,,,,
124040,,,,
124074,,,,
124076,,,,
124078,,,,
124102,,,,
124104,,,,
124128,,,,
124139,,,,
124146,,,,
124175,,,,
124199,,,,
124213,,,,
124234,,,,
124238,,,,
124239,,,,
124258,,,,
124288,,,,
124297,,,,
124329,,,,
124339,,,,
124348,,,,
124353,,,,
124373,,,,
124394,,,,
124404,,,,
124414,,,,
124425,,,,
124431,,,,
124448,,,,
124449,,,,
124453,,,,
124454,,,,
124556,,,,
124565,,,,
124576,,,,
124614,,,,
124683,,,,
124710,,,,
124714,,,,
124719,,,,
124768,,,,
124781,,,,
124799,,,,
124823,,,,
124831,,,,
124834,,,,
124849,,,,
124865,,,,
124905,,,,
124922,,,,
124933,,,,
124936,,,,
124942,,,,
124943,,,,
124963,,,,
124981,,,,
124982,,,,
124985,,,,
124996,,,,
124998,,,,
125007,,,,
125012,,,,
125037,,,,
125065,,,,
125069,,,,
125084,,,,
125097,,,,
125137,,,,
125171,,,,
125174,,,,
125206,,,,
125207,,,,
125243,,,,
125308,,,,
125344,,,,
125370,,,,
125389,,,,
125417,,,,
125424,,,,
125437,,,,
125454,,,,
125482,,,,
125488,,,,
125508,,,,
125513,,,,
125536,,,,
125649,,,,
125659,,,,
125701,,,,
125711,,,,
125735,,,,
125786,,,,
125826,,,,
125828,,,,
125843,,,,
125846,,,,
125884,,,,
125889,,,,
125892,,,,
125903,,,,
125909,,,,
125911,,,,
125930,,,,
125984,,,,
125992,,,,
126045,,,,
126064,,,,
126097,,,,
126121,,,,
126183,,,,
126184,,,,
126249,,,,
126258,,,,
126265,,,,
126269,,,,
126274,,,,
126278,,,,
126292,,,,
126294,,,,
126300,,,,
126303,,,,
126344,,,,
126459,,,,
126474,,,,
126491,,,,
126522,,,,
126545,,,,
126552,,,,
126589,,,,
126600,,,,
126611,,,,
126623,,,,
126679,,,,
126680,,,,
126701,,,,
126714,,,,
126797,,,,
126798,,,,
126865,,,,
126887,,,,
126903,,,,
126912,,,,
126914,,,,
126917,,,,
126941,,,,
126989,,,,
126994,,,,
127001,,,,
127114,,,,
127138,,,,
127152,,,,
127154,,,,
127176,,,,
127226,,,,
127239,,,,
127256,,,,
127341,,,,
127342,,,,
127366,,,,
127379,,,,
127414,,,,
127453,,,,
127469,,,,
127477,,,,
127489,,,,
127501,,,,
127511,,,,
127513,,,,
127531,,,,
127536,,,,
127551,,,,
127626,,,,
127645,,,,
127647,,,,
127673,,,,
127683,,,,
127689,,,,
127719,,,,
127759,,,,
127765,,,,
127776,,,,
127795,,,,
127842,,,,
127848,,,,
127890,,,,
127901,,,,
127915,,,,
127918,,,,
127959,,,,
127969,,,,
127985,,,,
128001,,,,
128033,,,,
128045,,,,
128079,,,,
128162,,,,
128163,,,,
128184,,,,
128188,,,,
128216,,,,
128218,,,,
128220,,,,
128224,,,,
128236,,,,
128250,,,,
128267,,,,
128283,,,,
128285,,,,
128287,,,,
128295,,,,
128299,,,,
128301,,,,
128323,,,,
128329,,,,
128356,,,,
128384,,,,
128387,,,,
128404,,,,
128405,,,,
128410,,,,
128423,,,,
128426,,,,
128460,,,,
128480,,,,
128523,,,,
128559,,,,
128562,,,,
128566,,,,
128590,,,,
128608,,,,
128611,,,,
128638,,,,
128647,,,,
128723,,,,
128733,,,,
128739,,,,
128741,,,,
128746,,,,
128800,,,,
128806,,,,
128868,,,,
128869,,,,
128903,,,,
129005,,,,
129008,,,,
129042,,,,
129049,,,,
129060,,,,
129078,,,,
129090,,,,
129092,,,,
129135,,,,
129159,,,,
129170,,,,
129184,,,,
129216,,,,
129222,,,,
129235,,,,
129245,,,,
129260,,,,
129336,,,,
129338,,,,
129354,,,,
129428,,,,
129463,,,,
129498,,,,
129513,,,,
129546,,,,
129579,,,,
129583,,,,
129658,,,,
129679,,,,
129721,,,,
129746,,,,
129752,,,,
129805,,,,
129832,,,,
129863,,,,
129869,,,,
129877,,,,
129903,,,,
129962,,,,
130026,,,,
130049,,,,
130054,,,,
130110,,,,
130149,,,,
130150,,,,
130185,,,,
130224,,,,
130236,,,,
130242,,,,
130262,,,,
130268,,,,
130279,,,,
130280,,,,
130322,,,,
130324,,,,
130368,,,,
130391,,,,
130407,,,,
130420,,,,
130431,,,,
130446,,,,
130457,,,,
130459,,,,
130472,,,,
130485,,,,
130492,,,,
130517,,,,
130559,,,,
130589,,,,
130622,,,,
130627,,,,
130644,,,,
130671,,,,
130685,,,,
130687,,,,
130699,,,,
130715,,,,
130716,,,,
130745,,,,
130756,,,,
130819,,,,
130827,,,,
130830,,,,
130859,,,,
130867,,,,
130949,,,,
130951,,,,
130978,,,,
130987,,,,
130992,,,,
131016,,,,
131017,,,,
131021,,,,
131022,,,,
131025,,,,
131040,,,,
131067,,,,
131085,,,,
131086,,,,
131091,,,,
131100,,,,
131102,,,,
131126,,,,
131134,,,,
131137,,,,
131152,,,,
131156,,,,
131193,,,,
131228,,,,
131236,,,,
131242,,,,
131255,,,,
131293,,,,
131307,,,,
131327,,,,
131331,,,,
131333,,,,
131347,,,,
131351,,,,
131393,,,,
131403,,,,
131407,,,,
131412,,,,
131425,,,,
131439,,,,
131533,,,,
131537,,,,
131545,,,,
131585,,,,
131604,,,,
131609,,,,
131613,,,,
131615,,,,
131620,,,,
131625,,,,
131630,,,,
131651,,,,
131710,,,,
131711,,,,
131725,,,,
131730,,,,
131829,,,,
131835,,,,
131858,,,,
131888,,,,
131894,,,,
131900,,,,
131910,,,,
131965,,,,
132051,,,,
132062,,,,
132073,,,,
132108,,,,
132132,,,,
132187,,,,
132195,,,,
132198,,,,
132218,,,,
132229,,,,
132238,,,,
132289,,,,
132295,,,,
132301,,,,
132322,,,,
132340,,,,
132368,,,,
132417,,,,
132428,,,,
132452,,,,
132457,,,,
132460,,,,
132470,,,,
132475,,,,
132481,,,,
132516,,,,
132519,,,,
132540,,,,
132578,,,,
132579,,,,
132584,,,,
132595,,,,
132656,,,,
132677,,,,
132682,,,,
132774,,,,
132787,,,,
132809,,,,
132846,,,,
132870,,,,
132884,,,,
132904,,,,
132914,,,,
132919,,,,
132941,,,,
133005,,,,
133018,,,,
133025,,,,
133032,,,,
133047,,,,
133049,,,,
133053,,,,
133076,,,,
133107,,,,
133165,,,,
133199,,,,
133217,,,,
133269,,,,
133273,,,,
133292,,,,
133324,,,,
133329,,,,
133333,,,,
133343,,,,
133370,,,,
133397,,,,
133426,,,,
133471,,,,
133485,,,,
133511,,,,
133624,,,,
133634,,,,
133644,,,,
133661,,,,
133699,,,,
133701,,,,
133713,,,,
133748,,,,
133811,,,,
133867,,,,
133872,,,,
133901,,,,
133903,,,,
133919,,,,
133925,,,,
133946,,,,
133963,,,,
134027,,,,
134030,,,,
134031,,,,
134067,,,,
134076,,,,
134080,,,,
134156,,,,
134181,,,,
134183,,,,
134195,,,,
134196,,,,
134197,,,,
134213,,,,
134261,,,,
134279,,,,
134290,,,,
134370,,,,
134380,,,,
134401,,,,
134411,,,,
134419,,,,
134497,,,,
134503,,,,
134521,,,,
134525,,,,
134557,,,,
134578,,,,
134593,,,,
134627,,,,
134653,,,,
134682,,,,
134692,,,,
134701,,,,
134703,,,,
134709,,,,
134751,,,,
134757,,,,
134773,,,,
134800,,,,
134801,,,,
134818,,,,
134864,,,,
134952,,,,
134964,,,,
134995,,,,
135002,,,,
135041,,,,
135071,,,,
135075,,,,
135090,,,,
135092,,,,
135102,,,,
135105,,,,
135123,,,,
135155,,,,
135174,,,,
135186,,,,
135204,,,,
135223,,,,
135277,,,,
135343,,,,
135399,,,,
135412,,,,
135418,,,,
135425,,,,
135524,,,,
135550,,,,
135556,,,,
135595,,,,
135620,,,,
135639,,,,
135670,,,,
135688,,,,
135765,,,,
135786,,,,
135805,,,,
135806,,,,
135828,,,,
135834,,,,
135844,,,,
135848,,,,
135860,,,,
135899,,,,
135935,,,,
135938,,,,
135967,,,,
136014,,,,
136015,,,,
136037,,,,
136038,,,,
136047,,,,
136054,,,,
136074,,,,
136117,,,,
136119,,,,
136132,,,,
136149,,,,
136230,,,,
136240,,,,
136255,,,,
136294,,,,
136344,,,,
136390,,,,
136415,,,,
136449,,,,
136455,,,,
136498,,,,
136576,,,,
136593,,,,
136673,,,,
136684,,,,
136694,,,,
136727,,,,
136741,,,,
136774,,,,
136792,,,,
136794,,,,
136797,,,,
136810,,,,
136816,,,,
136849,,,,
136875,,,,
136892,,,,
136915,,,,
136934,,,,
136941,,,,
136946,,,,
136957,,,,
136989,,,,
137015,,,,
137025,,,,
137031,,,,
137039,,,,
137048,,,,
137105,,,,
137118,,,,
137122,,,,
137125,,,,
137163,,,,
137172,,,,
137202,,,,
137209,,,,
137227,,,,
137246,,,,
137247,,,,
137249,,,,
137277,,,,
137301,,,,
137342,,,,
137343,,,,
137427,,,,
137429,,,,
137430,,,,
137446,,,,
137471,,,,
137489,,,,
137528,,,,
137550,,,,
137559,,,,
137573,,,,
137609,,,,
137658,,,,
137717,,,,
137736,,,,
137746,,,,
137791,,,,
137805,,,,
137850,,,,
137854,,,,
137855,,,,
137869,,,,
137879,,,,
137893,,,,
137924,,,,
137935,,,,
137942,,,,
137955,,,,
137993,,,,
137996,,,,
138011,,,,
138063,,,,
138072,,,,
138094,,,,
138103,,,,
138135,,,,
138148,,,,
138164,,,,
138173,,,,
138176,,,,
138186,,,,
138187,,,,
138200,,,,
138207,,,,
138209,,,,
138211,,,,
138233,,,,
138254,,,,
138280,,,,
138287,,,,
138289,,,,
138301,,,,
138307,,,,
138345,,,,
138404,,,,
138414,,,,
138436,,,,
138446,,,,
138472,,,,
